Account No,Credit,Debit,Credit_to_Debit_Ratio
100100738.0,7480.0,8700.91,0.8597
100837224.0,5630.0,6739.93,0.8353
101348775.0,20100.0,18226.22,1.1028
103439190.0,30804.0,18886.59,1.631
104009728.0,34683.88,27773.9,1.2488
105459181.0,30580.0,29575.2,1.034
106539249.0,3200.0,5917.82,0.5407
107284902.0,17556.0,20387.28,0.8611
110601571.0,0.0,2297.07,0.0
110689749.0,970.0,5872.19,0.1652
110925819.0,15020.0,15006.7,1.0009
111740539.0,13640.0,13984.92,0.9753
111863803.0,34099.92,27587.92,1.236
113263539.0,6740.0,7888.69,0.8544
113526514.0,22110.0,24152.51,0.9154
113872995.0,0.0,4694.74,0.0
114501144.0,16940.0,18292.76,0.926
114685790.0,17424.0,18699.62,0.9318
114686082.0,17140.0,18592.79,0.9219
115977868.0,22000.0,21695.62,1.014
116259400.0,33880.0,31751.87,1.067
117068696.0,30470.0,22834.48,1.3344
117332310.0,33965.25,34584.03,0.9821
117785923.0,0.0,4586.64,0.0
118072307.0,9600.0,10558.6,0.9092
118084117.0,0.0,4356.53,0.0
118204239.0,0.0,5055.43,0.0
118284345.0,17821.1,15759.93,1.1308
119524898.0,20100.0,22463.3,0.8948
119848911.0,20100.0,20701.72,0.9709
121664319.0,24436.0,25331.41,0.9647
121803736.0,4720.0,4673.56,1.0099
122266762.0,20075.0,19136.16,1.0491
123589285.0,19063.0,17983.49,1.06
123942392.0,28739.0,27727.1,1.0365
124554844.0,20100.0,17309.05,1.1612
125510126.0,0.0,3756.1,0.0
125582633.0,4740.0,7007.31,0.6764
126520477.0,12940.0,15374.33,0.8417
126772008.0,40216.0,37826.0,1.0632
128791455.0,26520.0,23339.88,1.1363
129195432.0,10540.0,11812.39,0.8923
129677204.0,19441.2,20353.76,0.9552
130924836.0,18766.0,18755.52,1.0006
131343287.0,0.0,4894.83,0.0
131856614.0,21082.6,21614.62,0.9754
131975859.0,20009.0,17763.6,1.1264
132770515.0,7050.0,10799.07,0.6528
133611714.0,20100.0,22175.71,0.9064
136362751.0,0.0,4094.02,0.0
136709923.0,49428.0,48372.5,1.0218
136736335.0,37776.0,36716.64,1.0289
136762048.0,18766.0,16249.01,1.1549
138046944.0,20220.0,21833.74,0.9261
138398260.0,0.0,4357.95,0.0
139192074.0,6220.0,7342.03,0.8472
139373971.0,20472.0,20975.51,0.976
140186171.0,30000.0,28595.22,1.0491
140620855.0,5550.0,6601.89,0.8407
141085153.0,31594.0,26347.69,1.1991
141339885.0,5040.0,7834.53,0.6433
142842720.0,19415.0,20962.53,0.9262
143431705.0,8040.0,9038.03,0.8896
143720076.0,10250.0,10869.17,0.943
144175429.0,5530.0,7993.13,0.6918
144482990.0,30503.0,24826.45,1.2286
144641754.0,12220.0,13813.62,0.8846
145906033.0,22293.0,21672.08,1.0287
146353544.0,5910.0,7220.1,0.8185
147241590.0,45590.0,44420.0,1.0263
148223575.0,8190.0,9055.06,0.9045
151369684.0,34440.0,26333.75,1.3078
154215838.0,29669.1,30594.65,0.9697
154636770.0,29800.0,28641.97,1.0404
157118728.0,23011.1,23822.44,0.9659
157171411.0,17875.0,19208.82,0.9306
157447912.0,18766.0,22148.73,0.8473
158053049.0,14370.0,15645.23,0.9185
158877803.0,16967.5,14629.91,1.1598
158932590.0,6350.0,7903.53,0.8034
159959814.0,8050.0,12504.68,0.6438
160517762.0,19008.0,21291.55,0.8927
161013024.0,22231.0,24648.67,0.9019
161713662.0,18634.0,19261.44,0.9674
161759958.0,64163.0,56247.92,1.1407
164260810.0,20100.0,18514.56,1.0856
164337916.0,33276.0,28301.99,1.1757
164341773.0,25440.0,26437.44,0.9623
164456671.0,18205.0,19636.39,0.9271
164963710.0,17424.0,14134.51,1.2327
165565198.0,0.0,4382.77,0.0
166914297.0,22999.2,23686.21,0.971
167009390.0,29799.1,29528.32,1.0092
167171625.0,8800.0,9474.2,0.9288
167380719.0,24999.6,22720.11,1.1003
167826754.0,6080.0,8241.29,0.7377
167965078.0,18425.0,19225.98,0.9583
168559321.0,0.0,4176.52,0.0
169814460.0,22848.0,25569.85,0.8936
171875418.0,34375.0,27536.07,1.2484
172670097.0,17120.0,18780.93,0.9116
172734093.0,9900.0,12846.71,0.7706
174099528.0,0.0,5892.69,0.0
174365261.0,20100.0,16528.02,1.2161
174418335.0,0.0,4607.24,0.0
175551913.0,0.0,3670.62,0.0
175707170.0,30410.0,35158.88,0.8649
175916054.0,22000.0,19309.24,1.1394
176265019.0,19678.0,20166.24,0.9758
176376870.0,7800.0,9401.16,0.8297
177389414.0,25800.0,26822.61,0.9619
177430498.0,19308.0,18033.5,1.0707
178352261.0,18425.0,20223.06,0.9111
178367935.0,22848.0,21117.69,1.0819
180366285.0,26334.0,27976.12,0.9413
181163644.0,21373.0,21848.32,0.9782
182306653.0,18767.5,19851.37,0.9454
183203410.0,2440.0,4668.72,0.5226
185627912.0,0.0,6457.05,0.0
185898052.0,0.0,3302.93,0.0
186612824.0,14760.0,16283.41,0.9064
186972864.0,9340.0,10033.79,0.9309
188605473.0,19910.0,20273.93,0.982
189021792.0,20472.0,21025.01,0.9737
189246086.0,2090.0,5185.61,0.403
190062824.0,22999.2,15344.51,1.4989
190571573.0,5610.0,6720.44,0.8348
192143397.0,20100.0,14900.33,1.349
193590245.0,32496.0,20583.56,1.5787
193854135.0,0.0,3308.39,0.0
196224167.0,0.0,4400.18,0.0
196326350.0,19728.0,21525.96,0.9165
198571693.0,18634.0,21010.74,0.8869
199321965.0,21900.0,23064.82,0.9495
199832775.0,18370.0,16326.75,1.1251
202822088.0,22231.0,23433.93,0.9487
203180094.0,0.0,5021.23,0.0
203925540.0,33760.0,35215.11,0.9587
204475065.0,27630.0,20022.57,1.3799
205070322.0,10070.0,10715.31,0.9398
205434026.0,19942.0,20954.7,0.9517
205845278.0,20100.0,23224.26,0.8655
205941136.0,22231.0,23132.87,0.961
206082523.0,20544.0,20838.78,0.9859
208139739.0,13090.0,14902.81,0.8784
208146789.0,30580.0,24955.18,1.2254
209239478.0,39436.63,40748.78,0.9678
209827320.0,20544.0,21476.27,0.9566
210226208.0,14740.0,18437.24,0.7995
211015441.0,21630.0,17414.51,1.2421
211075380.0,5160.0,6595.18,0.7824
214022887.0,26747.5,16329.15,1.638
214666845.0,990.0,3945.31,0.2509
215582678.0,0.0,3704.84,0.0
216896355.0,18535.0,19446.24,0.9531
216909880.0,30600.0,25721.89,1.1896
218100467.0,4620.0,6866.91,0.6728
218582977.0,0.0,3466.52,0.0
219585507.0,27709.0,16613.02,1.6679
219585557.0,30550.0,29877.81,1.0225
219705358.0,12610.0,13996.83,0.9009
219803924.0,40512.0,37364.18,1.0842
219861540.0,7010.0,8063.25,0.8694
220354778.0,14925.6,17622.77,0.8469
221168547.0,20160.0,23037.83,0.8751
221784167.0,40512.0,32010.23,1.2656
223322748.0,22130.0,23401.17,0.9457
225401572.0,45837.0,39316.33,1.1659
226845678.0,18510.0,21179.12,0.874
227427525.0,22999.2,16536.57,1.3908
230635933.0,32328.0,32144.45,1.0057
231168366.0,29664.0,26918.11,1.102
232008475.0,6150.0,8144.55,0.7551
232114746.0,15840.0,18226.71,0.8691
232725501.0,33360.0,22731.82,1.4675
233436437.0,47484.0,42224.79,1.1246
234487879.0,15444.0,16343.04,0.945
234642965.0,31200.0,23649.08,1.3193
234932920.0,25847.5,25750.5,1.0038
236063826.0,32280.0,30973.35,1.0422
236388383.0,18645.0,19099.36,0.9762
236999735.0,21828.0,20096.58,1.0862
237522697.0,20100.0,19864.46,1.0119
237911172.0,20220.0,21650.26,0.9339
238059649.0,35508.0,36990.28,0.9599
239123343.0,22999.2,19615.76,1.1725
240105538.0,21450.0,20544.46,1.0441
240509692.0,16480.0,18928.77,0.8706
241709989.0,0.0,2584.37,0.0
241780855.0,18710.0,20674.9,0.905
244370199.0,21054.0,22344.51,0.9422
244872205.0,2360.0,6402.54,0.3686
245021593.0,7180.0,9779.14,0.7342
246226965.0,0.0,4198.06,0.0
246518020.0,20019.0,20569.61,0.9732
246581314.0,0.0,5560.82,0.0
247805578.0,18766.0,13066.42,1.4362
247851725.0,22916.3,21371.48,1.0723
248486485.0,18425.0,18990.69,0.9702
249107679.0,10340.0,10068.18,1.027
249518260.0,38335.0,38433.18,0.9974
250073554.0,17424.0,17680.92,0.9855
250955126.0,20075.0,12318.93,1.6296
252305322.0,20009.0,18536.87,1.0794
252305398.0,18755.0,13488.53,1.3904
252407038.0,18260.0,22889.01,0.7978
252495142.0,19008.0,18920.75,1.0046
255088745.0,31200.0,31661.89,0.9854
256433042.0,18425.0,18840.74,0.9779
258036481.0,22104.0,18575.41,1.19
258863011.0,0.0,6151.2,0.0
259060797.0,17359.2,20108.13,0.8633
259282099.0,14630.0,16218.03,0.9021
259949730.0,18205.0,19462.43,0.9354
260269190.0,4400.0,5414.64,0.8126
260308520.0,27470.0,19729.45,1.3923
260498809.0,15540.0,16584.69,0.937
261106539.0,19500.0,19571.65,0.9963
262583788.0,31200.0,23152.92,1.3476
263729743.0,18510.0,22055.54,0.8392
264428769.0,8360.0,9138.93,0.9148
264779749.0,20075.0,21759.06,0.9226
264913145.0,32496.0,31652.9,1.0266
265111669.0,30268.0,31452.16,0.9624
265231589.0,11420.0,10690.51,1.0682
267261936.0,29940.0,26512.04,1.1293
267341017.0,9410.0,10331.28,0.9108
267821252.0,20100.0,22169.7,0.9066
268290540.0,18766.0,20759.86,0.904
268636886.0,22120.0,20085.07,1.1013
268691588.0,12060.0,12721.93,0.948
269063672.0,25212.0,25373.48,0.9936
272600884.0,4840.0,5828.87,0.8303
273671095.0,19128.12,16818.64,1.1373
274333944.0,18634.0,13180.7,1.4137
276462025.0,33880.0,34160.62,0.9918
277191634.0,4510.0,6016.3,0.7496
277343212.0,22506.0,25000.88,0.9002
277533267.0,6180.0,6984.44,0.8848
278414844.0,6810.0,8919.83,0.7635
278560945.0,11040.0,11615.02,0.9505
281327604.0,210.0,4494.95,0.0467
281347918.0,6710.0,8482.71,0.791
282349290.0,4510.0,5291.5,0.8523
282466023.0,16967.5,18949.85,0.8954
283011439.0,19601.2,20400.88,0.9608
283498848.0,0.0,4390.4,0.0
284732520.0,16330.0,17074.98,0.9564
284997080.0,38335.0,36312.86,1.0557
285490816.0,3190.0,4496.97,0.7094
285939889.0,22999.2,21613.6,1.0641
287078704.0,14740.0,17163.13,0.8588
288999254.0,20075.0,20574.11,0.9757
289262902.0,19500.0,19984.96,0.9757
290919516.0,0.0,3267.07,0.0
291040133.0,18832.0,21023.68,0.8958
293346437.0,20340.0,20876.29,0.9743
294890250.0,20328.0,21145.85,0.9613
295030732.0,0.0,3148.75,0.0
295413553.0,31212.0,29107.82,1.0723
297051632.0,10010.0,11314.38,0.8847
297664615.0,4620.0,6789.24,0.6805
298215407.0,20100.0,20108.14,0.9996
298305732.0,20100.0,21572.84,0.9317
298521417.0,33480.0,28310.01,1.1826
299304587.0,20328.0,17209.92,1.1812
300661463.0,22350.0,23977.27,0.9321
301025345.0,29129.1,21435.07,1.3589
302342234.0,20100.0,24432.89,0.8227
302419745.0,24504.0,24234.28,1.0111
302626765.0,34222.6,35118.82,0.9745
302931017.0,19095.12,19330.53,0.9878
304480964.0,26275.0,27126.11,0.9686
305282923.0,6820.0,8273.05,0.8244
305708899.0,17821.1,12743.24,1.3985
306758965.0,29700.0,22429.1,1.3242
306862368.0,31212.0,31906.55,0.9782
306890660.0,21897.5,20553.56,1.0654
307256374.0,21828.0,23162.77,0.9424
308311950.0,21513.04,22286.57,0.9653
309755073.0,39996.0,37502.05,1.0665
310346131.0,49895.0,43278.19,1.1529
312919373.0,25736.0,26843.69,0.9587
315036855.0,5170.0,6389.06,0.8092
317409342.0,17424.0,16200.76,1.0755
317486532.0,5040.0,6053.64,0.8326
317540443.0,18131.1,21736.45,0.8341
318466684.0,3630.0,5964.72,0.6086
318997359.0,24904.0,25525.47,0.9757
320485458.0,38335.0,28198.37,1.3595
322828535.0,4580.0,7733.79,0.5922
322909544.0,32082.6,32660.33,0.9823
323321310.0,26390.0,20548.77,1.2843
323326407.0,19441.2,15482.56,1.2557
323360406.0,14630.0,12990.21,1.1262
324287025.0,14450.0,13137.97,1.0999
325281968.0,22530.0,16871.77,1.3354
325998634.0,33360.0,27337.39,1.2203
326453338.0,38335.0,35209.8,1.0888
328525222.0,22110.0,19641.41,1.1257
329831262.0,27445.0,17503.12,1.568
330201840.0,15600.0,17165.49,0.9088
330281915.0,22110.0,19770.27,1.1183
331573650.0,20163.0,21326.95,0.9454
331712123.0,18425.0,21572.66,0.8541
331835048.0,10250.0,14766.77,0.6941
331980138.0,23500.0,22727.17,1.034
332092543.0,6710.0,8514.48,0.7881
332209556.0,22231.0,15359.22,1.4474
335135509.0,18425.0,21074.32,0.8743
336069952.0,18678.0,16122.42,1.1585
337111704.0,16967.5,14253.04,1.1904
337347153.0,34386.0,32808.84,1.0481
339010321.0,21082.6,16293.97,1.2939
339604881.0,2280.0,5417.62,0.4208
340335840.0,20100.0,12211.38,1.646
342120095.0,18965.0,20385.05,0.9303
342239685.0,14720.0,17929.73,0.821
343094499.0,33360.0,26644.09,1.2521
343334157.0,8230.0,10690.42,0.7698
345049133.0,3520.0,4935.57,0.7132
345270596.0,8250.0,9818.0,0.8403
345535071.0,20100.0,19541.83,1.0286
346723703.0,18634.0,21067.76,0.8845
346849410.0,0.0,4386.67,0.0
347893953.0,26125.0,21076.39,1.2395
348320277.0,10660.0,11800.37,0.9034
348857469.0,38715.0,39216.64,0.9872
348874489.0,34505.25,29484.85,1.1703
350245110.0,20220.0,19998.58,1.0111
351394673.0,31224.0,24403.68,1.2795
352451741.0,21602.6,21963.13,0.9836
352666811.0,33360.0,21547.84,1.5482
354120489.0,13220.0,13119.5,1.0077
355776828.0,29880.0,24774.3,1.2061
356422290.0,24420.0,24519.25,0.996
356437949.0,5680.0,7701.91,0.7375
356945622.0,6850.0,9700.93,0.7061
358354029.0,27504.0,20855.93,1.3188
358701075.0,4730.0,5626.79,0.8406
359997266.0,30580.0,26266.39,1.1642
361820267.0,14300.0,14907.01,0.9593
362216487.0,17861.0,21592.67,0.8272
364430785.0,5610.0,6747.46,0.8314
364549181.0,20544.0,19313.99,1.0637
364781982.0,20666.0,19914.27,1.0377
364982116.0,0.0,4082.09,0.0
365230805.0,17556.0,18754.39,0.9361
366161125.0,14560.0,15282.19,0.9527
366921691.0,30804.0,19623.9,1.5697
368674110.0,19117.12,21097.08,0.9062
369629735.0,22110.0,22353.36,0.9891
370181828.0,5710.0,6723.52,0.8493
371091145.0,35968.0,28940.56,1.2428
371187871.0,27500.0,23273.78,1.1816
372577592.0,19441.2,18948.68,1.026
372579561.0,10590.0,11871.24,0.8921
373678172.0,5720.0,7101.84,0.8054
374134348.0,5520.0,7147.98,0.7722
374925981.0,17790.0,19044.03,0.9342
374930663.0,18634.0,19801.77,0.941
376357650.0,5720.0,8375.74,0.6829
376547994.0,26336.0,27748.67,0.9491
378609772.0,18634.0,21165.7,0.8804
380129148.0,9400.0,11056.49,0.8502
380177444.0,29522.0,25943.3,1.1379
380324319.0,20100.0,21444.45,0.9373
382778395.0,20647.5,17720.53,1.1652
383042926.0,15290.0,17443.16,0.8766
383393031.0,0.0,2925.84,0.0
384133982.0,8940.0,11193.33,0.7987
384447116.0,18209.0,19192.88,0.9487
385861694.0,17821.1,19138.98,0.9311
386096851.0,34099.92,26990.64,1.2634
386343442.0,22999.2,20047.3,1.1472
386796396.0,34948.0,29732.97,1.1754
387047241.0,6870.0,8185.02,0.8393
387286312.0,20867.04,21565.86,0.9676
387992266.0,24339.0,27318.05,0.8909
388624181.0,37500.0,34881.32,1.0751
389747482.0,0.0,3778.89,0.0
389994183.0,18425.0,17017.78,1.0827
390383151.0,23762.6,24943.86,0.9526
390487708.0,20796.0,20097.5,1.0348
390643988.0,7810.0,8045.48,0.9707
391305592.0,19441.2,19747.42,0.9845
391880006.0,5570.0,6654.56,0.837
392302910.0,18990.0,19674.82,0.9652
393253804.0,22449.0,22451.05,0.9999
394459523.0,30973.0,31319.4,0.9889
394783207.0,11210.0,13580.29,0.8255
396287922.0,30000.0,25979.3,1.1548
397633952.0,20163.0,21594.3,0.9337
398669730.0,18510.0,18100.94,1.0226
398706604.0,16984.0,19306.5,0.8797
398998336.0,4510.0,6784.79,0.6647
399113270.0,17976.0,18374.42,0.9783
399200147.0,21450.0,22987.73,0.9331
399373710.0,8150.0,9716.49,0.8388
399874329.0,18766.0,19099.02,0.9826
400444391.0,48125.0,40197.11,1.1972
400532172.0,18528.0,17348.39,1.068
400856284.0,13140.0,14211.09,0.9246
402284713.0,19448.0,19487.6,0.998
402783181.0,11070.0,13667.77,0.8099
403002938.0,19640.0,21498.98,0.9135
403152896.0,8580.0,10588.89,0.8103
403536848.0,27220.0,26749.47,1.0176
403553964.0,14680.0,13755.8,1.0672
403556752.0,18425.0,20689.24,0.8906
404682931.0,6500.0,7342.85,0.8852
405508646.0,19106.12,18534.08,1.0309
405830606.0,19500.0,20751.49,0.9397
406523589.0,8140.0,10873.96,0.7486
406807170.0,29219.1,25072.94,1.1654
407497955.0,21260.0,25244.3,0.8422
408079524.0,33889.0,23134.56,1.4649
408104983.0,23374.0,22181.17,1.0538
409951832.0,18832.0,20240.42,0.9304
410360564.0,22110.0,22365.61,0.9886
410872340.0,23360.0,24692.71,0.946
411180424.0,6930.0,7825.44,0.8856
411628100.0,25000.0,21502.79,1.1626
414150661.0,7020.0,9124.79,0.7693
414259851.0,20009.0,20806.79,0.9617
414568641.0,20100.0,21712.87,0.9257
415441473.0,23070.0,26741.32,0.8627
415900091.0,13850.0,18144.99,0.7633
417749255.0,44988.0,43319.44,1.0385
417959696.0,29634.0,30293.79,0.9782
418345351.0,31224.0,24109.49,1.2951
419127595.0,7480.0,9033.62,0.828
419306185.0,0.0,4444.45,0.0
421212446.0,18480.0,19221.56,0.9614
421573978.0,13480.0,13292.92,1.0141
422294064.0,30960.0,25149.3,1.231
423032846.0,0.0,3390.17,0.0
425057237.0,5040.0,6241.5,0.8075
425388651.0,6530.0,7857.1,0.8311
425858125.0,24999.6,24396.79,1.0247
426570078.0,21828.0,23412.36,0.9323
426836146.0,0.0,6104.26,0.0
427017772.0,7040.0,8369.83,0.8411
427901346.0,33880.0,28522.91,1.1878
429283631.0,23400.0,22708.55,1.0304
432451107.0,0.0,1005.14,0.0
432603176.0,18425.0,19488.96,0.9454
432733129.0,21467.5,22557.83,0.9517
433119856.0,19920.0,22137.98,0.8998
433254392.0,19860.0,12848.89,1.5457
433800571.0,11120.0,13604.18,0.8174
433884364.0,0.0,4467.9,0.0
434441889.0,34373.79,23043.62,1.4917
434955588.0,24453.0,16577.06,1.4751
435336329.0,5880.0,6701.52,0.8774
436559389.0,19860.0,13845.72,1.4344
436684166.0,17875.0,18924.52,0.9445
436851858.0,15730.0,15725.38,1.0003
438340622.0,4730.0,6908.44,0.6847
438753109.0,22000.0,22150.79,0.9932
439885435.0,6410.0,8178.37,0.7838
442063475.0,31224.0,19579.39,1.5947
445223792.0,19064.0,23591.17,0.8081
445439897.0,0.0,2856.03,0.0
447167881.0,0.0,4984.61,0.0
449954592.0,29180.0,26584.0,1.0977
450758381.0,19441.2,20048.0,0.9697
450904789.0,20855.0,21529.3,0.9687
451428092.0,0.0,1379.16,0.0
451627837.0,18832.0,17772.48,1.0596
451894789.0,24925.0,24912.13,1.0005
451924639.0,22110.0,17767.33,1.2444
451969321.0,0.0,3903.29,0.0
452903235.0,20100.0,21389.64,0.9397
454527149.0,20100.0,18911.09,1.0629
455449281.0,0.0,3379.42,0.0
455951719.0,20722.0,21294.14,0.9731
456098911.0,25300.0,26208.65,0.9653
456243902.0,22916.3,20641.13,1.1102
456524383.0,32196.0,32019.4,1.0055
456592475.0,26438.0,31152.01,0.8487
457412981.0,14640.0,13618.11,1.075
458332716.0,4320.0,7013.72,0.6159
458477724.0,28785.0,26342.42,1.0927
458691529.0,22110.0,22520.05,0.9818
459397986.0,20100.0,21137.82,0.9509
460317962.0,2040.0,7009.77,0.291
460471328.0,17875.0,18243.89,0.9798
461915650.0,31777.2,30957.58,1.0265
462596616.0,10020.0,10845.93,0.9238
462718595.0,0.0,2177.15,0.0
463261831.0,12720.0,11688.77,1.0882
463285508.0,21900.0,16181.81,1.3534
463438169.0,21996.0,23815.48,0.9236
463552787.0,30324.0,31166.13,0.973
465077357.0,7230.0,10742.8,0.673
465646206.0,22000.0,21598.67,1.0186
466891892.0,18695.0,20234.28,0.9239
466988249.0,1900.0,4471.5,0.4249
467378955.0,8280.0,9263.08,0.8939
467782191.0,30370.0,31634.14,0.96
468165990.0,8580.0,9186.74,0.934
470694108.0,31570.0,24640.62,1.2812
473087516.0,20544.0,18369.78,1.1184
473138187.0,0.0,1447.87,0.0
473307532.0,14960.0,20584.99,0.7267
473930460.0,18766.0,17784.67,1.0552
475193725.0,27276.0,26349.04,1.0352
476009885.0,16995.0,18502.56,0.9185
476357258.0,9870.0,10944.2,0.9018
476359535.0,18067.5,18880.98,0.9569
477115877.0,0.0,4523.62,0.0
478188116.0,20160.0,19464.19,1.0357
478421917.0,34440.0,34456.56,0.9995
479066340.0,32098.0,27155.11,1.182
480072132.0,17821.1,13721.22,1.2988
480358103.0,20100.0,21818.61,0.9212
480382676.0,20075.0,17655.07,1.1371
481534363.0,0.0,3760.79,0.0
482037432.0,19128.12,19148.76,0.9989
483897334.0,22104.0,22984.27,0.9617
484688392.0,19781.2,21661.41,0.9132
484935293.0,16630.0,19555.06,0.8504
486479817.0,20267.5,20761.6,0.9762
487979491.0,5040.0,7190.9,0.7009
488365875.0,19861.1,20053.15,0.9904
488891796.0,29400.0,25805.44,1.1393
489205734.0,25716.0,25037.08,1.0271
489711603.0,0.0,5791.13,0.0
490037044.0,38856.0,31270.75,1.2426
491785223.0,20051.2,21269.5,0.9427
492544253.0,20100.0,17678.28,1.137
492565198.0,18425.0,20254.28,0.9097
492856270.0,18425.0,19032.76,0.9681
496171351.0,24999.6,25685.79,0.9733
496800774.0,39972.0,37184.84,1.075
497561579.0,0.0,3098.32,0.0
498546152.0,13681.8,15466.63,0.8846
499033466.0,0.0,4759.44,0.0
500659163.0,6750.0,9687.1,0.6968
500867383.0,25790.0,27414.86,0.9407
500910515.0,34386.0,30427.53,1.1301
500966899.0,19152.0,20481.91,0.9351
502405114.0,0.0,3194.43,0.0
502667038.0,27640.0,26143.15,1.0573
504163037.0,21082.6,15158.25,1.3908
504196643.0,18425.0,17452.48,1.0557
504197034.0,20659.0,21778.6,0.9486
504253750.0,20009.0,21046.94,0.9507
504631289.0,30800.0,29978.57,1.0274
505768962.0,5610.0,7626.4,0.7356
507715740.0,6480.0,8322.77,0.7786
507931367.0,16950.0,19172.0,0.8841
508282617.0,17871.1,21294.03,0.8393
508417291.0,19500.0,15433.38,1.2635
508805623.0,20510.0,19685.86,1.0419
509842353.0,18425.0,19362.48,0.9516
512125010.0,0.0,1582.29,0.0
512240224.0,18425.0,17949.16,1.0265
512493578.0,16830.0,17562.81,0.9583
512652539.0,32888.0,33012.4,0.9962
513468437.0,29788.0,18736.13,1.5899
513568108.0,0.0,3389.27,0.0
513804828.0,8370.0,10831.5,0.7727
514258048.0,18920.0,20342.77,0.9301
514396927.0,0.0,2860.35,0.0
515694595.0,20100.0,21761.34,0.9237
516840555.0,23541.2,23791.82,0.9895
517389551.0,0.0,2903.05,0.0
517686272.0,37136.0,34647.49,1.0718
518106180.0,18766.0,19007.81,0.9873
518240479.0,17556.0,17040.96,1.0302
518746052.0,31200.0,26642.47,1.1711
519439512.0,10270.0,13136.86,0.7818
519598586.0,19441.2,21044.2,0.9238
520038221.0,20075.0,15063.54,1.3327
521538348.0,30503.0,22837.29,1.3357
521903290.0,21500.0,22942.97,0.9371
522448873.0,27192.0,28998.78,0.9377
522643328.0,19776.0,25141.3,0.7866
523503688.0,14360.0,16554.91,0.8674
525460691.0,19080.0,20230.64,0.9431
526566398.0,29942.0,28121.76,1.0647
526828764.0,20100.0,20353.83,0.9875
527375874.0,23400.0,23922.83,0.9781
527422781.0,0.0,3787.28,0.0
529096245.0,45000.0,38782.0,1.1603
529326996.0,30180.0,30528.44,0.9886
530401552.0,0.0,3231.86,0.0
531504751.0,24999.6,26092.03,0.9581
532775898.0,24420.0,25970.24,0.9403
533241429.0,13740.0,14663.85,0.937
533804363.0,27600.0,26339.58,1.0479
533956091.0,41250.0,34348.96,1.2009
534657751.0,12660.0,12735.28,0.9941
534823079.0,18000.0,17630.95,1.0209
535489388.0,0.0,4124.43,0.0
536358297.0,0.0,3615.76,0.0
536654211.0,22110.0,20433.32,1.0821
536680948.0,18425.0,12692.15,1.4517
536797290.0,20100.0,17369.79,1.1572
538090189.0,31678.26,32095.43,0.987
538212119.0,19701.2,22755.46,0.8658
538231250.0,39996.0,36346.22,1.1004
538329511.0,31212.0,32096.97,0.9724
539699725.0,9050.0,9629.08,0.9399
541437105.0,22908.0,23120.33,0.9908
541453448.0,30580.0,30605.84,0.9992
541515079.0,22000.0,17305.58,1.2713
542482841.0,18845.0,19567.06,0.9631
542959922.0,22104.0,23509.08,0.9402
543063519.0,19008.0,16370.69,1.1611
545333793.0,24996.0,20792.84,1.2021
547673217.0,17556.0,19081.82,0.92
549693058.0,18480.0,9911.66,1.8645
552300414.0,4630.0,6629.46,0.6984
552404741.0,9230.0,9730.04,0.9486
554053886.0,22981.2,21000.12,1.0943
554443502.0,25245.0,23803.86,1.0605
554763849.0,25302.0,28681.06,0.8822
557388018.0,18510.0,19206.85,0.9637
557412297.0,18725.0,19855.77,0.9431
558097325.0,27500.0,24141.19,1.1391
558411682.0,19900.0,23242.15,0.8562
559081385.0,29664.0,28633.78,1.036
559177863.0,17821.1,17548.4,1.0155
559371974.0,24252.0,25038.41,0.9686
559748357.0,6480.0,8044.75,0.8055
559995459.0,31632.0,31081.5,1.0177
560592808.0,26520.0,24569.07,1.0794
561680093.0,19250.0,16141.04,1.1926
561947181.0,6160.0,6960.23,0.885
562753765.0,22000.0,17449.96,1.2607
563913117.0,15670.0,16661.57,0.9405
564343364.0,32318.0,33418.44,0.9671
565569286.0,15140.0,16216.87,0.9336
566606245.0,7220.0,11922.16,0.6056
566956901.0,19232.0,23844.55,0.8066
567245759.0,32008.26,23449.69,1.365
567357816.0,17556.0,20320.23,0.864
567671968.0,18425.0,19108.87,0.9642
567999816.0,28622.0,31734.55,0.9019
568867330.0,31212.0,21726.14,1.4366
568979773.0,20100.0,21349.54,0.9415
570295880.0,20267.5,13019.85,1.5567
571739791.0,31278.26,32658.02,0.9578
571965108.0,19500.0,17206.11,1.1333
572394899.0,34386.0,24332.93,1.4131
573143664.0,9110.0,11086.01,0.8218
573394780.0,18425.0,20401.83,0.9031
573643030.0,17821.1,20281.4,0.8787
575282647.0,22280.0,24954.25,0.8928
576847581.0,8580.0,9292.66,0.9233
579690299.0,24176.0,25609.34,0.944
580583985.0,12650.0,13424.42,0.9423
581001534.0,19063.0,21799.72,0.8745
582824136.0,27600.0,19808.76,1.3933
582929814.0,16200.0,19080.49,0.849
583489607.0,6720.0,8435.69,0.7966
583743793.0,5140.0,6429.4,0.7995
584512556.0,29860.0,30183.51,0.9893
584553451.0,5940.0,6808.57,0.8724
584706957.0,21386.0,21290.05,1.0045
585323829.0,0.0,4204.19,0.0
586149797.0,29129.1,28575.44,1.0194
587622302.0,5060.0,8124.37,0.6228
588477267.0,14157.0,15675.17,0.9031
588585437.0,18615.0,19161.69,0.9715
588704626.0,33704.0,24229.26,1.391
589275555.0,16250.0,18938.02,0.8581
591158111.0,45000.0,45031.97,0.9993
592835414.0,32752.6,28282.11,1.1581
593338271.0,23070.0,23651.23,0.9754
593503328.0,4620.0,6499.93,0.7108
593930987.0,0.0,4624.75,0.0
596130553.0,20100.0,17243.89,1.1656
596414815.0,24904.0,23452.86,1.0619
597942745.0,8160.0,10421.38,0.783
598254201.0,23000.0,16459.32,1.3974
598326737.0,27372.0,27997.79,0.9776
598679836.0,31858.26,31317.74,1.0173
599377999.0,36960.0,29274.85,1.2625
601343377.0,0.0,3591.83,0.0
602582955.0,8380.0,9684.42,0.8653
602696768.0,4620.0,6108.37,0.7563
603308018.0,25003.0,20032.43,1.2481
604250551.0,23483.0,23247.07,1.0101
604789281.0,49428.0,42431.69,1.1649
605595282.0,37076.63,37015.67,1.0016
606934288.0,0.0,4901.51,0.0
609670640.0,20075.0,22205.51,0.9041
610498049.0,22962.0,24445.4,0.9393
611329387.0,15100.0,15717.66,0.9607
611725249.0,7060.0,7829.23,0.9017
612995982.0,30653.0,29908.97,1.0249
613881107.0,0.0,2899.36,0.0
614118993.0,16840.0,18922.16,0.89
615000384.0,29129.1,23776.21,1.2251
615620138.0,8500.0,8461.04,1.0046
615841733.0,8400.0,8384.36,1.0019
616859189.0,22640.0,22746.53,0.9953
619060988.0,22110.0,23389.39,0.9453
619561188.0,31777.2,31107.42,1.0215
619971616.0,19152.0,21063.6,0.9092
620248116.0,21828.0,20364.41,1.0719
620798190.0,0.0,1252.36,0.0
621542680.0,20890.0,20137.5,1.0374
623153278.0,18425.0,17206.36,1.0708
624186151.0,18766.0,18850.9,0.9955
626193247.0,5250.0,6388.91,0.8217
628498691.0,7830.0,10316.43,0.759
628700517.0,25490.0,15655.1,1.6282
628781126.0,0.0,3591.22,0.0
628866686.0,27600.0,20846.06,1.324
628962955.0,24070.0,24036.49,1.0014
629419118.0,7480.0,9237.87,0.8097
630626295.0,9600.0,9301.61,1.0321
631187989.0,33240.0,25571.69,1.2999
631881921.0,0.0,4437.86,0.0
632577945.0,20100.0,13200.78,1.5226
632755021.0,15230.0,12972.39,1.174
633094830.0,34440.0,26751.2,1.2874
633315674.0,22999.2,23693.02,0.9707
634167952.0,21390.0,23292.14,0.9183
638269490.0,18766.0,21411.38,0.8764
638508173.0,29330.0,26359.97,1.1127
641109482.0,22916.3,22135.06,1.0353
641303771.0,20100.0,20208.96,0.9946
641846557.0,34380.0,34365.64,1.0004
644570466.0,0.0,4373.33,0.0
645636383.0,37500.0,25739.65,1.4569
646268650.0,6360.0,7921.06,0.8029
647427126.0,0.0,691.32,0.0
648531422.0,7440.0,8646.85,0.8604
648685081.0,17880.0,18117.52,0.9869
649002949.0,29129.1,22164.57,1.3142
649895501.0,31212.0,28609.15,1.091
650034947.0,30060.0,25085.84,1.1983
650917633.0,30580.0,29163.68,1.0486
651195724.0,34099.92,28368.68,1.202
651515518.0,21996.0,20740.01,1.0606
651594010.0,3240.0,6044.61,0.536
652147065.0,40656.0,33528.82,1.2126
652256250.0,420.0,3597.94,0.1167
652856294.0,0.0,4011.96,0.0
653253791.0,20100.0,19394.89,1.0364
653261942.0,16500.0,18572.19,0.8884
654686503.0,36960.0,28004.35,1.3198
655590815.0,26560.0,25912.02,1.025
655875079.0,2780.0,4618.44,0.6019
657115027.0,27500.0,28150.78,0.9769
658145110.0,19441.2,18374.8,1.058
659715918.0,16984.0,17646.29,0.9625
662631596.0,18766.0,17168.92,1.093
663173760.0,13820.0,15281.93,0.9043
663242837.0,18766.0,22556.9,0.8319
663636368.0,20055.0,21130.94,0.9491
664800121.0,21373.0,17655.25,1.2106
666095424.0,4800.0,7418.5,0.647
666322536.0,9560.0,10477.37,0.9124
668013613.0,18470.0,17466.13,1.0575
668509682.0,33880.0,31189.44,1.0863
669171163.0,37500.0,34322.07,1.0926
670993859.0,4620.0,9296.91,0.4969
672090909.0,20100.0,20171.87,0.9964
672503491.0,30085.0,25847.24,1.164
672527288.0,18425.0,20062.33,0.9184
672714995.0,28050.0,15836.06,1.7713
673238810.0,31140.0,23097.59,1.3482
674608984.0,18425.0,18941.01,0.9728
674666794.0,0.0,3755.87,0.0
674816020.0,18425.0,22909.53,0.8043
675080807.0,20267.5,18886.9,1.0731
675469409.0,33498.0,33539.54,0.9988
675923296.0,20267.5,14249.16,1.4224
676056571.0,18425.0,15742.11,1.1704
676253980.0,17070.0,19193.59,0.8894
677667959.0,0.0,2111.95,0.0
678177539.0,19668.0,17391.24,1.1309
679881833.0,33360.0,33994.05,0.9813
680269090.0,5040.0,5921.51,0.8511
680904354.0,31224.0,30096.13,1.0375
681051581.0,22151.2,23184.48,0.9554
682415574.0,31570.0,28116.12,1.1228
685080944.0,45837.0,38594.48,1.1877
685847244.0,9850.0,10400.17,0.9471
687517818.0,20100.0,20477.61,0.9816
687942160.0,18425.0,18813.4,0.9794
688602452.0,8950.0,11230.51,0.7969
689352974.0,33396.0,22396.57,1.4911
689472634.0,33396.0,32564.59,1.0255
690218272.0,22231.0,17850.01,1.2454
690660436.0,31800.0,33414.61,0.9517
690984847.0,20100.0,19956.53,1.0072
691412221.0,16440.0,19507.39,0.8428
691709877.0,7730.0,8436.02,0.9163
691894546.0,34099.92,24653.82,1.3831
692098867.0,27324.0,19577.59,1.3957
692540609.0,10410.0,12638.41,0.8237
692647797.0,17520.0,18528.55,0.9456
692919245.0,33360.0,26245.23,1.2711
693667128.0,20100.0,21621.86,0.9296
694285822.0,37500.0,37416.2,1.0022
697667777.0,31777.2,30918.71,1.0278
699722934.0,17556.0,15810.16,1.1104
701627510.0,20100.0,22841.73,0.88
702062068.0,22000.0,18092.0,1.216
702926299.0,0.0,4764.88,0.0
703250304.0,25300.0,21204.7,1.1931
703535881.0,21373.0,18903.91,1.1306
703723732.0,4070.0,5721.99,0.7113
704770024.0,7800.0,10320.32,0.7558
705519819.0,13010.0,14605.93,0.8907
706632676.0,16070.0,17087.8,0.9404
707196419.0,6110.0,8415.21,0.7261
708408130.0,25160.0,21158.81,1.1891
708441243.0,7090.0,7841.9,0.9041
709736026.0,11690.0,12331.98,0.9479
709868628.0,20100.0,22224.92,0.9044
710042126.0,35988.0,29192.69,1.2328
710730502.0,17963.0,18687.05,0.9613
711486603.0,0.0,4038.94,0.0
711925432.0,24795.0,16812.01,1.4748
712088840.0,7530.0,8910.88,0.845
714074171.0,34380.0,23107.03,1.4879
714095860.0,22000.0,18771.43,1.172
715705403.0,18510.0,16771.21,1.1037
717503234.0,17821.1,17257.04,1.0327
717959588.0,18601.1,19788.37,0.94
718514414.0,18832.0,16006.74,1.1765
719185799.0,18510.0,16706.8,1.1079
720803476.0,37053.0,35432.25,1.0457
721583573.0,0.0,3917.76,0.0
722099553.0,22231.0,10483.39,2.1206
722223895.0,20100.0,17495.49,1.1489
723201955.0,16995.0,19848.27,0.8562
724400109.0,20100.0,21212.47,0.9476
724795086.0,17424.0,17324.11,1.0058
725517709.0,22506.0,25530.52,0.8815
725614425.0,32196.0,27600.56,1.1665
726302171.0,18580.0,22057.67,0.8423
726347095.0,29634.0,26107.34,1.1351
728769448.0,4920.0,6415.52,0.7669
728856745.0,19095.12,20179.15,0.9463
729165779.0,32098.0,23707.98,1.3539
732968226.0,18425.0,19111.68,0.9641
733071806.0,31444.0,33545.71,0.9373
733319117.0,35640.0,31253.38,1.1404
734605178.0,20009.0,20534.32,0.9744
734680231.0,26520.0,26306.27,1.0081
735559105.0,14810.0,14531.02,1.0192
736069429.0,7990.0,9835.66,0.8124
736619550.0,37596.0,35804.98,1.05
737232390.0,26520.0,26855.35,0.9875
740348731.0,32989.0,22007.61,1.499
740666748.0,30000.0,19933.29,1.505
740923060.0,0.0,4235.36,0.0
744100127.0,23316.0,25434.24,0.9167
745642091.0,23185.0,23573.3,0.9835
746282817.0,20196.0,21181.79,0.9535
747064579.0,35004.0,26612.58,1.3153
747678205.0,23400.0,25259.69,0.9264
747719815.0,33880.0,33282.46,1.018
749078858.0,5040.0,5319.75,0.9474
751045501.0,28552.0,25536.56,1.1181
751305027.0,4620.0,5253.17,0.8795
751596966.0,19500.0,21285.19,0.9161
752255048.0,0.0,732.5,0.0
752656158.0,26190.0,26335.73,0.9945
753100921.0,34489.0,33152.64,1.0403
753308274.0,19152.0,19345.73,0.99
754693414.0,16800.0,18363.73,0.9148
758150141.0,12480.0,13885.55,0.8988
759252842.0,10420.0,12979.18,0.8028
759616295.0,24252.0,19225.6,1.2614
759924996.0,14680.0,15555.6,0.9437
760187031.0,35618.0,25265.68,1.4097
760833079.0,22908.0,21561.61,1.0624
760855460.0,25650.0,25218.03,1.0171
761114593.0,31212.0,24190.43,1.2903
761247453.0,20100.0,21900.34,0.9178
761253377.0,0.0,4377.46,0.0
762666047.0,18216.0,20873.76,0.8727
763247953.0,32098.0,22521.4,1.4252
763880837.0,0.0,822.17,0.0
764439033.0,32496.0,26806.86,1.2122
764682239.0,23790.0,24693.01,0.9634
765617753.0,0.0,2465.01,0.0
766006732.0,7510.0,9718.98,0.7727
766813982.0,17875.0,21077.11,0.8481
767598029.0,27500.0,29003.71,0.9482
767627249.0,0.0,5211.5,0.0
768500196.0,10040.0,12247.97,0.8197
769233997.0,22104.0,20202.08,1.0941
769895195.0,5160.0,7295.53,0.7073
770212067.0,14760.0,16894.71,0.8736
771135426.0,21217.5,21613.55,0.9817
771779383.0,9150.0,11237.07,0.8143
772772049.0,21373.0,21961.14,0.9732
773316603.0,0.0,1109.12,0.0
773503958.0,37133.0,36356.98,1.0213
774729247.0,5560.0,6342.93,0.8766
775012325.0,21000.0,20447.82,1.027
775182841.0,4160.0,6316.45,0.6586
775394167.0,28621.1,17201.22,1.6639
775766893.0,32758.0,33039.66,0.9915
776899595.0,24000.0,25256.08,0.9503
776957785.0,20100.0,20423.14,0.9842
777408491.0,18084.0,12384.85,1.4602
778371663.0,0.0,1184.13,0.0
778735129.0,7440.0,8139.64,0.914
779378159.0,5570.0,7061.63,0.7888
779575942.0,20100.0,20364.08,0.987
780978664.0,20267.5,23446.86,0.8644
781040322.0,33276.0,33342.23,0.998
781197920.0,7060.0,8347.33,0.8458
781854387.0,27500.0,21831.76,1.2596
781863501.0,25212.0,20453.28,1.2327
783081602.0,10320.0,10448.44,0.9877
783287058.0,21373.0,23978.32,0.8913
783731247.0,0.0,1994.07,0.0
785082286.0,19441.2,21324.13,0.9117
785934074.0,20031.0,22029.13,0.9093
786158466.0,0.0,4302.68,0.0
786514302.0,20472.0,23834.47,0.8589
789732435.0,19200.0,21477.95,0.8939
790253866.0,0.0,5062.34,0.0
791021644.0,27192.0,23476.81,1.1582
791770627.0,20267.5,19693.18,1.0292
792878998.0,18832.0,17570.28,1.0718
793069740.0,33360.0,30326.36,1.1
796830369.0,8040.0,9757.99,0.8239
798860594.0,18766.0,21493.23,0.8731
799681463.0,0.0,2065.51,0.0
799775539.0,4950.0,6674.92,0.7416
800434780.0,29400.0,20832.58,1.4113
800671305.0,18425.0,17569.09,1.0487
801576534.0,24504.0,22781.65,1.0756
801635676.0,17821.1,16859.71,1.057
802155673.0,33480.0,24374.74,1.3736
802375673.0,19008.0,20753.47,0.9159
802601601.0,27192.0,28889.35,0.9412
804017769.0,30580.0,25252.59,1.211
804895305.0,18855.0,22425.01,0.8408
805450086.0,12210.0,12612.69,0.9681
805651493.0,30104.0,30039.25,1.0022
805819312.0,18425.0,21354.17,0.8628
806158699.0,17875.0,18182.05,0.9831
806265527.0,20030.0,22032.21,0.9091
807503504.0,17167.5,17265.07,0.9943
807663317.0,7370.0,9126.67,0.8075
807900888.0,20915.0,15012.7,1.3932
809234749.0,22999.2,22297.61,1.0315
810581829.0,20267.5,20377.98,0.9946
810645922.0,11120.0,11356.05,0.9792
810766016.0,34386.0,29351.8,1.1715
810938283.0,20330.0,17726.65,1.1469
811639289.0,20472.0,21361.88,0.9583
812416264.0,22090.0,15615.66,1.4146
812626271.0,14260.0,14527.03,0.9816
813023859.0,19441.2,15578.75,1.2479
813053727.0,4400.0,5715.97,0.7698
813152977.0,0.0,6149.94,0.0
813633136.0,0.0,3773.5,0.0
814376547.0,17424.0,18609.97,0.9363
814404385.0,18510.0,18527.12,0.9991
814947941.0,12540.0,14126.92,0.8877
815181491.0,20075.0,22801.87,0.8804
816185061.0,27500.0,26350.59,1.0436
816651153.0,20267.5,22113.93,0.9165
816734070.0,34150.0,34578.63,0.9876
816923045.0,14660.0,16178.68,0.9061
817100146.0,6840.0,6632.62,1.0313
817681772.0,5760.0,8057.38,0.7149
819148176.0,20196.0,21882.14,0.9229
819158508.0,23890.0,23281.19,1.0262
820604194.0,2510.0,4722.85,0.5315
820891109.0,16995.0,20386.27,0.8336
821085860.0,25630.0,26656.29,0.9615
821273718.0,20267.5,23374.01,0.8671
821937867.0,9160.0,9188.84,0.9969
822803172.0,20472.0,22288.12,0.9185
823289985.0,27520.0,27498.16,1.0008
823403038.0,20100.0,22485.61,0.8939
823564078.0,2600.0,5219.54,0.4981
823877903.0,7260.0,8747.35,0.83
824793161.0,31410.0,31936.7,0.9835
827116807.0,30600.0,30460.18,1.0046
827600849.0,20472.0,20597.45,0.9939
827843527.0,17941.1,20241.16,0.8864
829891994.0,20490.0,21170.73,0.9678
829906314.0,7800.0,7888.89,0.9887
830098871.0,25184.0,26167.68,0.9624
831162916.0,20472.0,21425.79,0.9555
833173474.0,34440.0,33975.45,1.0137
833266559.0,18943.0,19654.62,0.9638
834728968.0,7190.0,8457.0,0.8502
835778933.0,21082.6,19454.47,1.0837
835959029.0,31212.0,28658.4,1.0891
836937885.0,0.0,3409.21,0.0
837307143.0,52569.0,48026.53,1.0946
837669701.0,13681.8,15880.32,0.8616
837887043.0,33880.0,25886.86,1.3088
838207405.0,20100.0,20987.77,0.9577
838259778.0,41250.0,34084.83,1.2102
839964633.0,31224.0,25507.7,1.2241
840211125.0,17424.0,20862.91,0.8352
840446641.0,20328.0,24905.03,0.8162
841124932.0,13910.0,15433.97,0.9013
842433412.0,32670.0,28758.61,1.136
842877794.0,0.0,1494.04,0.0
843079604.0,13880.0,12981.78,1.0692
843604391.0,50.0,3246.15,0.0154
844488626.0,18645.0,20677.78,0.9017
846060772.0,37053.0,26869.91,1.379
846243641.0,500.0,5507.16,0.0908
846514308.0,300.0,5442.27,0.0551
849210127.0,30503.0,24457.88,1.2472
849821756.0,19500.0,20447.52,0.9537
850988316.0,12020.0,12698.29,0.9466
852404324.0,20.0,4263.58,0.0047
852728869.0,5040.0,7348.12,0.6859
853290175.0,4590.0,5546.84,0.8275
854683795.0,20009.0,21375.79,0.9361
854800350.0,18425.0,21755.29,0.8469
854825133.0,18445.0,19862.51,0.9286
855774662.0,27600.0,26900.07,1.026
855948313.0,25234.0,18662.9,1.3521
856246501.0,5250.0,7419.56,0.7076
857587545.0,22410.0,25331.96,0.8847
859554263.0,0.0,4911.33,0.0
859887539.0,18425.0,20060.21,0.9185
860843460.0,20100.0,17340.83,1.1591
860853383.0,0.0,3355.72,0.0
861049950.0,23250.0,24002.09,0.9687
862172352.0,20900.0,17122.52,1.2206
862948916.0,0.0,3904.08,0.0
863074374.0,2400.0,5335.65,0.4498
863367862.0,39996.0,35488.2,1.127
863592835.0,20328.0,20778.57,0.9783
863827085.0,2230.0,4454.98,0.5006
867897303.0,21020.0,23382.1,0.899
869211430.0,10610.0,11664.22,0.9096
869241711.0,19961.2,17013.57,1.1733
869274152.0,20100.0,22480.15,0.8941
869979958.0,1270.0,5007.02,0.2536
870763317.0,34373.79,27741.46,1.2391
871548824.0,10510.0,12609.47,0.8335
871592713.0,25300.0,16783.66,1.5074
871803650.0,22999.2,21659.28,1.0619
873371936.0,27276.0,28876.4,0.9446
873394619.0,0.0,3649.01,0.0
873944218.0,30472.0,29714.71,1.0255
874106363.0,20267.5,16937.51,1.1966
875552922.0,35283.88,25877.42,1.3635
875678398.0,12530.0,14963.73,0.8374
876739873.0,30890.0,31725.66,0.9737
877919607.0,20100.0,22592.68,0.8897
878836763.0,18846.0,21953.63,0.8584
879238971.0,20100.0,17419.51,1.1539
879618727.0,20160.0,21700.21,0.929
879727755.0,18832.0,20346.87,0.9255
880468033.0,19826.0,16409.54,1.2082
880485445.0,25212.0,14638.83,1.7223
881622222.0,21773.0,22381.58,0.9728
882044657.0,8390.0,10200.51,0.8225
882836472.0,26125.0,20945.01,1.2473
883508029.0,0.0,4333.83,0.0
884611991.0,14217.0,18809.41,0.7558
887557579.0,30108.0,29672.8,1.0147
887967131.0,20810.0,25539.51,0.8148
888317956.0,20196.0,21790.49,0.9268
888452243.0,19441.2,14813.15,1.3124
889049484.0,0.0,2525.85,0.0
890726241.0,18425.0,17729.09,1.0393
891173928.0,45000.0,41203.66,1.0921
891188218.0,14690.0,16900.22,0.8692
891229151.0,17090.0,17864.17,0.9567
891467297.0,25223.0,22481.2,1.122
891740453.0,13430.0,13523.23,0.9931
891752640.0,18832.0,20925.4,0.9
893309067.0,32098.0,23922.71,1.3417
893525586.0,18425.0,22959.75,0.8025
893687167.0,26240.0,27891.14,0.9408
893840914.0,14157.0,20240.27,0.6994
894408023.0,30000.0,30430.13,0.9859
894948272.0,32868.0,23783.19,1.382
896356673.0,3520.0,5071.43,0.6941
897349695.0,0.0,5078.79,0.0
899766977.0,7370.0,9330.12,0.7899
901157835.0,39062.0,36206.78,1.0789
902316336.0,20328.0,21412.56,0.9493
902562472.0,0.0,3268.71,0.0
904869298.0,24000.0,19316.79,1.2424
904893437.0,52569.0,45695.1,1.1504
905298675.0,35004.0,34430.18,1.0167
905406126.0,0.0,5150.9,0.0
905425866.0,32098.0,30403.29,1.0557
905973838.0,16680.0,18839.19,0.8854
907706656.0,20100.0,19128.01,1.0508
909583105.0,22506.0,19950.11,1.1281
910128103.0,6960.0,8831.52,0.7881
910433071.0,0.0,2938.8,0.0
910782420.0,0.0,2292.28,0.0
911650311.0,25896.0,18701.01,1.3847
911709365.0,19106.12,16264.25,1.1747
912169201.0,24000.0,26780.08,0.8962
914534742.0,5040.0,4915.25,1.0254
914784083.0,13640.0,16793.18,0.8122
916149679.0,0.0,4123.86,0.0
916966616.0,30858.0,26818.98,1.1506
917021497.0,33880.0,29270.88,1.1575
918208255.0,27800.0,32236.86,0.8624
919363674.0,17297.5,16948.88,1.0206
922218750.0,27192.0,26081.53,1.0426
922692378.0,24999.6,20771.75,1.2035
923368561.0,20100.0,20324.64,0.9889
924174153.0,9020.0,10938.09,0.8246
924379054.0,25234.0,20874.09,1.2089
924472758.0,23503.0,16881.24,1.3923
926760879.0,2680.0,5317.98,0.504
927808355.0,20100.0,22080.74,0.9103
930019198.0,20100.0,20923.43,0.9606
930201193.0,21890.0,15785.96,1.3867
930228165.0,30613.0,24547.73,1.2471
932409619.0,18766.0,19955.04,0.9404
933460563.0,23200.0,24672.85,0.9403
934288742.0,30580.0,22331.18,1.3694
935013933.0,18445.0,21742.12,0.8484
935138653.0,4520.0,4990.33,0.9058
935323345.0,25245.0,21791.05,1.1585
935957681.0,22000.0,21693.21,1.0141
936741679.0,18865.0,19054.9,0.99
937850922.0,11880.0,14311.64,0.8301
938268011.0,17160.0,18923.19,0.9068
938336889.0,20163.0,17685.23,1.1401
939341870.0,20100.0,20283.27,0.991
942765449.0,20100.0,13597.2,1.4782
943747107.0,35004.0,27908.5,1.2542
944773378.0,34325.25,26318.39,1.3042
945080400.0,17821.1,19372.53,0.9199
945093843.0,22272.0,23559.0,0.9454
945182619.0,16080.0,17668.85,0.9101
945776702.0,4180.0,6197.76,0.6744
946922971.0,18425.0,19987.94,0.9218
948719966.0,33360.0,27285.73,1.2226
949482734.0,24252.0,20043.16,1.21
949690868.0,25223.0,24449.2,1.0316
950018046.0,7700.0,10363.06,0.743
950524474.0,18590.0,17071.39,1.089
951790490.0,21450.0,19361.19,1.1079
952609703.0,34375.0,22918.21,1.4999
955648987.0,0.0,1438.92,0.0
956575159.0,32082.6,24948.78,1.2859
956862005.0,32098.0,25547.67,1.2564
961138294.0,19441.2,22566.78,0.8615
961753789.0,20472.0,22187.68,0.9227
961900114.0,4620.0,6693.96,0.6902
962017436.0,14210.0,14637.96,0.9708
963282046.0,39996.0,40201.2,0.9949
963476846.0,19441.2,19485.27,0.9977
963900824.0,19441.2,18788.41,1.0347
964427699.0,41296.0,42208.25,0.9784
964958844.0,0.0,1762.59,0.0
965486015.0,17424.0,14756.38,1.1808
965981004.0,22110.0,24168.8,0.9148
966135609.0,18425.0,21134.31,0.8718
966531493.0,7370.0,8910.13,0.8271
970100089.0,20574.0,21334.2,0.9644
971232081.0,20900.0,21447.48,0.9745
971294384.0,5170.0,7129.65,0.7251
971700926.0,0.0,4393.32,0.0
972787149.0,670.0,6724.93,0.0996
973035338.0,250.0,4410.71,0.0567
973188679.0,12930.0,15474.34,0.8356
973543534.0,8800.0,10567.53,0.8327
974344564.0,30000.0,30759.28,0.9753
975535052.0,24252.0,23134.87,1.0483
976424230.0,0.0,3984.48,0.0
977301185.0,41250.0,31996.85,1.2892
977612859.0,8030.0,8328.4,0.9642
978440007.0,16995.0,16056.89,1.0584
979036240.0,27000.0,31045.14,0.8697
980223699.0,22455.0,22564.65,0.9951
980751333.0,22000.0,18141.75,1.2127
981553839.0,22462.0,19023.03,1.1808
981696914.0,7820.0,13313.89,0.5874
981893277.0,18766.0,19568.16,0.959
982417443.0,4680.0,5345.3,0.8755
982579651.0,19441.2,17347.64,1.1207
983573018.0,8440.0,9701.92,0.8699
984418404.0,27539.2,24640.18,1.1177
984652930.0,21828.0,24179.74,0.9027
984666034.0,22231.0,21489.12,1.0345
986577456.0,22110.0,22582.81,0.9791
986910751.0,22110.0,17282.38,1.2793
987190316.0,0.0,4263.04,0.0
988743819.0,27192.0,26300.05,1.0339
989649424.0,7150.0,8192.97,0.8727
990438731.0,25300.0,25517.44,0.9915
991462486.0,33889.2,22875.22,1.4815
991509944.0,25586.0,27364.21,0.935
992381583.0,20847.5,21570.52,0.9665
992557401.0,4940.0,5986.37,0.8252
995678156.0,21373.0,23400.55,0.9134
996805831.0,20100.0,17941.15,1.1203
997914361.0,0.0,2369.18,0.0
998523058.0,19500.0,19992.53,0.9754
999118642.0,18832.0,18611.4,1.0119
999280846.0,9400.0,12060.05,0.7794
