Account No,Recency_M1,Frequency_M1,Monetary_M1,Cluster_M1,Recency_M2,Frequency_M2,Monetary_M2,Cluster_M2,Recency_M3,Frequency_M3,Monetary_M3,Cluster_M3,Recency_M4,Frequency_M4,Monetary_M4,Cluster_M4
100100738.0,2,17,-1192.9,4,6,10,-988.03,1,0,3,-155.98,1,3,3,-241.83,0
100837224.0,4,3,-288.05,3,11,1,-147.47,1,0,3,-396.51,1,3,5,-328.51,0
101348775.0,0,29,19228.36,1,0,13,-424.27,0,0,13,-515.12,2,0,9,-334.89,2
103439190.0,0,30,30373.010000000002,1,0,23,-832.41,2,0,15,-683.56,2,0,19,-772.74,2
104009728.0,0,33,-11420.88,0,0,10,-328.56,0,0,13,-446.85,2,0,11,-417.99,2
105459181.0,0,22,-6761.5199999999995,0,5,5,-395.6,1,2,3,-118.78,1,6,4,-119.11,1
106539249.0,5,6,-268.4,3,3,1,-55.29,4,1,1,-49.39,1,6,5,-592.71,1
107284902.0,0,23,-15153.55,0,1,6,-149.76,4,5,3,-159.94,5,3,2,-64.52000000000001,0
110601571.0,7,5,-129.92000000000002,2,11,1,-32.95,1,3,2,-48.12,5,7,2,-29.52,1
110925819.0,5,6,-94.93,3,0,5,-244.45,4,1,26,-3172.92,3,3,8,-1029.32,2
111740539.0,0,10,-412.44,4,0,11,-937.9100000000001,0,0,9,-524.98,2,0,6,-191.34,0
111863803.0,0,45,26693.159999999996,1,0,15,-241.76,0,0,19,-450.5,2,0,20,-774.07,2
113263539.0,8,9,-412.52,2,0,6,-315.26,4,3,1,-53.09,5,2,5,-240.12,0
114501144.0,3,7,-282.07,3,0,4,-78.87,4,5,3,-152.35999999999999,5,3,2,-284.25,0
114685790.0,2,11,-229.68,3,2,6,-475.43,4,11,1,-20.93,0,5,3,-666.89,1
114686082.0,1,27,-654.09,0,0,19,-1837.93,2,0,14,-1486.02,3,1,2,-39.83,0
115977868.0,0,16,-5634.9400000000005,4,3,9,-770.97,0,4,26,-2172.45,3,3,3,-132.99,0
117068696.0,0,31,-11136.76,0,0,13,-668.26,0,0,10,-294.79,2,0,5,-210.01,0
117332310.0,0,35,-11430.960000000001,0,0,16,-395.97,0,0,15,-331.15,2,0,14,-362.89,2
117785923.0,2,5,-283.90999999999997,3,2,2,-96.75999999999999,4,9,2,-116.24,0,6,2,-163.05,1
118072307.0,0,17,-114.86999999999998,4,2,16,-2066.16,2,1,11,-988.71,2,0,3,-153.69,0
118284345.0,0,11,-751.28,4,0,8,-758.32,0,5,5,-434.94,5,2,9,-981.26,2
119524898.0,0,28,4021.8,0,7,18,-3366.32,2,4,2,-45.620000000000005,5,5,1,-25.7,1
119848911.0,0,55,12429.98,5,1,10,-711.88,0,5,11,-1179.87,2,2,4,-236.92000000000002,0
121664319.0,0,22,-16628.95,0,1,6,287.28,4,1,10,-629.69,2,3,4,14.819999999999993,0
121803736.0,0,14,-1226.5,4,6,3,-152.53,1,1,2,-122.0,1,3,4,-238.48,0
123589285.0,0,27,-11478.27,0,4,4,-75.11,4,0,7,-152.76,1,0,9,-217.92,2
123942392.0,0,30,-16557.81,0,0,6,-350.01,4,0,6,809.44,1,0,9,-878.56,2
124554844.0,0,18,19781.98,1,0,7,-243.94,4,10,2,-51.27,0,1,13,-1709.46,3
125582633.0,5,16,410.6500000000001,3,0,11,-780.07,0,7,2,-131.67000000000002,0,8,1,-18.0,1
126520477.0,0,19,-1270.37,4,0,13,-253.96,0,0,11,-208.3,2,0,24,-1675.3,3
126772008.0,0,24,-9127.58,0,2,7,-601.84,4,7,2,-236.8,0,0,9,-943.91,2
128791455.0,0,47,19076.06,5,0,17,-465.01,0,0,14,-345.71000000000004,2,0,16,-506.64,2
129195432.0,0,15,-1104.44,4,3,1,-217.03,4,0,3,-320.93,1,5,4,-368.31,1
129677204.0,0,52,11432.899999999998,5,4,2,-49.989999999999995,4,1,4,-180.73,1,2,6,-481.94,0
130924836.0,0,13,-323.91,4,0,7,-100.21000000000001,4,0,5,-60.22,1,1,12,-251.17999999999998,2
131856614.0,0,22,-1115.62,4,0,3,-128.95,4,5,3,-36.97,5,2,5,-87.93,0
131975859.0,0,24,-10131.43,0,3,5,-155.53,4,1,3,-130.98000000000002,1,0,6,-276.58,0
136709923.0,0,32,30980.11,1,1,2,-56.28999999999999,4,2,1,-29.99,1,0,4,-220.20999999999998,0
136736335.0,0,27,-11553.58,0,0,15,-889.53,0,0,7,-212.46,1,1,7,-163.23000000000002,0
136762048.0,0,30,-7567.11,0,0,5,-241.5,4,0,18,-1634.93,3,4,10,-400.13,2
138046944.0,0,38,3193.67,5,5,5,-620.8,1,0,4,-125.74,1,10,1,-24.98,1
139192074.0,9,4,-530.77,2,1,2,963.16,4,0,3,-331.55,1,1,2,-312.89,0
139373971.0,0,23,19880.84,1,0,6,-386.92,4,4,2,-131.98,5,1,12,-1433.64,2
140186171.0,0,46,27747.28,1,0,20,-1276.31,2,0,9,-245.07,2,0,14,-510.68,2
140620855.0,0,23,56.129999999999995,4,3,25,-1890.95,2,0,11,-203.0,2,0,5,247.01999999999998,0
141085153.0,0,29,-8524.85,0,0,9,-360.6,0,0,15,-725.46,2,0,13,-198.52,2
142842720.0,0,19,-6879.45,0,10,3,-215.69,1,1,3,-202.76,1,0,1,-61.37,0
143720076.0,1,6,332.21000000000004,4,5,3,-233.5,1,2,2,-90.66000000000001,1,0,4,-376.16999999999996,0
144482990.0,0,32,-12563.51,0,0,14,-486.03,0,0,13,-560.67,2,0,14,-394.98,2
144641754.0,0,27,618.01,0,1,17,-497.84,0,2,8,48.660000000000004,1,0,17,-374.19,2
145906033.0,0,17,-8222.93,0,2,11,-366.43,0,2,5,-357.12,1,0,9,-540.4,2
146353544.0,3,21,-552.42,3,1,2,-10.39,4,3,4,-108.62,5,4,3,-106.37,0
147241590.0,0,35,34012.51,1,0,16,-1702.46,2,0,3,-170.34,1,1,5,-230.83,0
148223575.0,4,10,-475.19,3,1,8,-488.26,4,0,5,-357.44,1,3,7,-796.68,0
151369684.0,0,40,25751.06,1,0,22,-697.04,2,0,15,-652.04,2,0,21,-1310.23,3
154636770.0,0,38,17410.45,1,1,8,-616.87,4,0,5,-232.08,1,2,5,-268.52,0
157118728.0,0,16,-6704.12,4,2,3,-294.36,4,1,8,-1437.18,2,7,15,-2042.02,3
157171411.0,0,25,-11027.33,0,9,3,-36.3,1,1,4,-93.59,1,2,6,-558.5500000000001,0
157447912.0,0,19,-10597.18,0,11,1,-126.76,1,5,3,-219.64,5,3,1,-131.75,0
158053049.0,0,34,-568.55,0,0,12,-24.640000000000015,0,0,12,-497.27,2,0,14,24.110000000000024,2
158877803.0,0,10,-260.19,4,2,4,-95.55,4,0,9,-1015.6800000000001,2,1,9,-387.09000000000003,2
158932590.0,0,9,-454.93,4,2,5,284.41999999999996,4,9,2,-51.04,0,1,2,-159.06,0
159959814.0,0,18,-9748.16,0,9,2,-117.32000000000001,1,1,1,-54.47,1,0,3,4701.96,5
160517762.0,0,31,4530.94,5,4,7,-400.95,4,1,6,-233.88,1,5,2,-80.01,1
161013024.0,0,16,-9524.61,0,8,4,-235.95999999999998,1,3,2,-47.87,5,0,5,-275.81,0
161713662.0,0,33,-10726.4,0,0,7,-173.63,4,0,4,-111.1,1,1,10,-504.55,2
161759958.0,0,29,-12682.61,0,0,17,-813.93,0,0,9,-280.36,2,0,7,-201.96,0
164260810.0,0,35,12356.36,5,2,6,-269.48,4,0,8,-290.94,1,0,9,-440.01,2
164337916.0,0,41,20083.29,1,0,11,-349.74,0,0,12,-493.36,2,0,10,-259.7,2
164341773.0,0,36,1083.13,5,0,17,-576.67,0,1,20,-894.61,3,0,18,-711.61,2
164456671.0,0,23,-11206.89,0,4,2,-143.10999999999999,4,0,7,-719.49,2,0,8,-433.67,2
164963710.0,2,14,-407.39,4,0,11,-254.94,0,0,9,-270.51,2,0,11,-176.19,2
165565198.0,2,6,-384.90999999999997,3,5,1,-22.44,1,3,2,-63.82,5,6,2,-171.96999999999997,1
166914297.0,0,43,9962.49,5,1,5,-248.05,4,5,6,-235.82999999999998,5,0,5,-390.79,0
167171625.0,1,29,-718.65,0,3,10,-1232.97,0,9,11,-1188.67,0,1,7,-188.26000000000002,0
167380719.0,0,47,17626.320000000003,5,0,11,-398.96,0,1,14,-803.23,2,0,16,-504.2,2
167826754.0,4,12,-447.9,3,1,6,-910.3,4,6,5,114.4,5,0,2,-140.4,0
167965078.0,2,8,-341.67,3,1,1,-17.52,4,7,1,-16.94,0,7,1,-43.45,1
168559321.0,0,7,-184.31,4,9,4,-50.69,1,11,1,-175.64,0,5,1,-21.43,1
169814460.0,0,37,11304.56,5,6,1,-183.04,1,9,3,-24.41,0,0,2,-317.5,0
171875418.0,0,19,-10190.26,0,0,16,-705.48,0,0,10,-321.36,2,0,10,-295.04,2
172670097.0,0,20,-9138.15,0,2,1,-28.0,4,3,3,-362.92,5,3,14,-1447.12,3
174099528.0,2,7,-397.14,3,4,6,-248.65,4,0,3,-223.72,1,5,1,-174.73,1
174365261.0,0,35,18536.75,1,0,11,-394.14,0,0,10,-338.04,2,0,9,-318.35,2
175551913.0,2,10,-198.7,3,3,1,-40.6,4,1,3,-156.45,1,4,3,-195.95,0
175707170.0,0,21,-11597.93,0,1,4,-304.69,4,4,3,-347.43,5,4,7,-811.4300000000001,0
175916054.0,0,21,-6535.8,0,2,3,-49.97,4,2,5,-234.12,1,0,6,-158.60999999999999,0
176265019.0,7,8,-284.99,2,11,1,-60.73,1,3,1,-50.03,5,9,1,-34.64,1
176376870.0,0,37,-687.13,5,1,4,-202.93,4,0,21,-1821.73,3,1,22,-1708.72,3
177389414.0,0,16,-15573.43,0,3,4,-97.5,4,2,3,-1265.22,1,0,1,-230.0,0
177430498.0,0,32,18792.32,1,0,13,-469.86,0,0,11,-446.83,2,0,13,-340.84999999999997,2
178352261.0,0,24,-9533.83,0,1,4,-477.09999999999997,4,10,1,-40.99,0,2,5,-394.45000000000005,0
178367935.0,0,37,16915.46,1,0,9,-342.81,0,0,9,-549.31,2,1,10,-701.1899999999999,2
180366285.0,0,18,-953.27,4,2,6,-196.66,4,9,3,-188.82,0,3,6,426.08000000000004,0
181163644.0,0,19,-6309.110000000001,0,3,3,-56.38,4,5,3,-143.08,5,7,8,-803.26,1
182306653.0,1,23,-1846.85,0,3,5,-232.24,4,0,9,-286.52,2,3,13,-667.27,2
183203410.0,3,3,86.64,3,2,4,-338.18,4,0,2,-152.38,1,5,2,-65.69,1
185627912.0,1,11,-621.12,4,0,4,-139.94,4,11,1,-4.99,0,3,3,-227.23000000000002,0
185898052.0,7,9,-565.8,2,11,1,-140.75,1,4,3,-176.18,5,8,1,-74.15,1
186972864.0,1,3,-137.05,4,11,2,-152.87,1,2,4,-168.3,1,0,31,-3502.95,3
188605473.0,0,41,-8102.68,0,0,27,-2094.75,2,0,10,-198.78,2,0,20,-2302.69,3
189021792.0,0,56,12208.21,5,0,13,-553.04,0,0,3,-38.96,1,0,13,-1126.6200000000001,2
190062824.0,0,27,22336.21,1,0,12,-464.61,0,1,19,-584.01,2,0,11,-285.33,2
190571573.0,2,25,-2504.78,0,4,2,-87.18,4,4,1,-124.99,5,9,2,-43.08,1
192143397.0,0,36,14319.97,5,1,7,-320.18,4,1,1,-192.5,1,0,6,-880.0600000000001,2
193590245.0,0,38,30612.100000000002,1,0,17,-707.47,0,0,13,-443.22,2,0,16,-332.34000000000003,2
198571693.0,0,23,-10209.86,0,0,5,-401.3,4,2,3,-160.61,1,1,3,-185.45999999999998,0
199321965.0,0,56,6912.53,5,0,13,-791.4599999999999,0,0,4,-252.47,1,3,4,-370.62,0
199832775.0,0,12,-185.82,4,0,12,-427.95,0,0,8,-302.68,1,0,19,-1451.17,3
202822088.0,0,18,-10228.02,0,3,6,-376.97,4,0,16,-1156.35,2,6,3,-128.59,1
203180094.0,0,10,-334.14,4,1,2,-41.72,4,11,1,-10.99,0,6,2,-45.989999999999995,1
203925540.0,0,38,18194.23,1,3,3,-52.45,4,0,3,-75.77,1,2,4,-302.61,0
204475065.0,0,49,19417.96,5,0,11,-176.54999999999998,0,0,16,-281.74,2,0,17,-743.24,2
205070322.0,0,25,169.67000000000002,0,1,8,-467.40999999999997,4,1,13,-1133.24,2,3,3,-14.98,0
205434026.0,0,34,12871.21,5,1,6,-310.61,4,2,8,-471.0,2,0,2,-56.29,0
205845278.0,0,29,5125.25,5,7,2,-81.78,1,5,2,-73.41999999999999,5,9,4,-71.46000000000001,1
205941136.0,0,27,-8399.72,0,0,24,-1963.01,2,0,9,-272.45,2,0,12,-157.45,2
206082523.0,0,48,13854.58,5,4,11,-630.0,0,6,5,-211.71,5,0,7,-178.32,0
208139739.0,0,13,-328.26,4,0,7,-175.47,4,0,41,-3247.81,3,0,20,-1832.3999999999999,3
208146789.0,0,44,18369.68,5,0,15,-381.84,0,0,10,-157.23,2,0,13,-371.95000000000005,2
209239478.0,0,22,-16707.89,0,1,3,-223.70999999999998,4,6,2,-212.37,5,6,4,-342.37,1
209827320.0,0,48,11161.92,5,4,8,-837.98,4,3,5,-175.9,5,1,12,-1271.5,2
210226208.0,0,50,-14433.65,0,8,2,-95.15,1,1,6,-141.52,1,5,1,-12.59,1
211015441.0,0,30,-6540.17,0,0,8,-419.66,4,0,7,-209.23000000000002,1,0,8,-269.67,0
211075380.0,0,19,-353.45,4,11,1,-51.97,1,9,5,-127.94,0,0,1,-124.75,0
214022887.0,0,15,130.26,4,0,8,-271.55,4,0,11,-269.25,2,0,9,-324.08,2
214666845.0,11,4,-72.99,2,1,3,175.29,4,6,1,-65.4,5,10,1,-142.28,1
215582678.0,2,5,-241.26999999999998,3,11,1,-93.31,1,1,2,-90.53,1,11,1,-29.99,1
216896355.0,0,20,-6906.08,0,1,3,-69.39,4,0,4,-322.15000000000003,1,0,5,-214.98,0
216909880.0,0,37,21286.52,1,0,17,-377.08,0,0,12,-303.64,2,0,22,-1593.84,3
218100467.0,11,3,-123.98,2,6,3,-280.65,1,5,2,-233.35999999999999,5,9,1,-110.0,1
219585507.0,0,14,-528.7099999999999,4,0,13,-366.7,0,0,10,-329.81,2,0,19,-646.94,2
219585557.0,2,13,2223.9500000000003,4,0,10,-434.24,0,0,28,-3100.08,3,0,12,-691.0,2
219705358.0,0,29,-2209.23,0,2,30,-2288.01,2,0,12,-1154.41,2,1,13,-1057.99,2
219803924.0,0,43,24026.629999999997,1,0,18,-490.42999999999995,0,0,19,-364.95,2,0,19,-567.42,2
219861540.0,0,3,-36.519999999999996,4,2,15,-1234.63,0,1,17,-2025.87,3,3,3,-187.21,0
220354778.0,0,36,8584.66,5,10,1,-155.61,1,0,4,-91.47999999999999,1,5,3,-194.65,1
221168547.0,0,32,5722.83,5,0,5,-266.93,4,1,2,-30.18,1,4,3,-155.3,0
221784167.0,0,44,31183.3,1,0,19,-1296.29,2,0,12,-300.97,2,0,15,-754.8100000000001,2
223322748.0,0,31,603.76,0,0,12,-104.14,0,0,21,-1377.78,3,0,30,-1515.83,3
225401572.0,0,18,-8603.41,0,0,8,-407.57,4,0,5,-39.87,1,5,4,-212.08999999999997,1
226845678.0,0,27,6116.6,5,3,6,-198.3,4,7,3,-147.29,0,4,7,-365.74,0
227427525.0,0,26,22699.25,1,0,13,-565.6700000000001,0,0,12,-368.49,2,0,7,-202.26,0
230635933.0,0,38,20730.2,1,0,24,-2040.2,2,0,7,-189.97,1,0,19,-1436.01,3
231168366.0,0,33,22279.24,1,1,3,-47.629999999999995,4,11,2,-125.53,0,0,6,-341.76,0
232008475.0,0,7,-312.65999999999997,4,1,6,-123.02,4,1,3,-145.5,1,1,3,-197.69,0
232114746.0,0,44,-7279.75,0,2,4,-213.62,4,3,4,-233.53,5,7,2,-68.83,1
232725501.0,0,44,27814.92,1,0,17,-568.14,0,0,14,-275.71,2,0,19,-810.3299999999999,2
233436437.0,0,33,30768.84,1,1,4,-140.72,4,0,6,-307.57,1,0,8,-335.87,2
234487879.0,0,40,9319.11,5,0,6,-514.59,4,2,7,-489.58,1,7,4,-318.65,1
234642965.0,0,42,23296.010000000002,1,0,10,-385.65,0,0,11,-524.7,2,0,10,-597.43,2
234932920.0,0,19,-14652.26,0,0,5,-503.59,4,0,7,544.35,1,3,2,-110.54,0
236063826.0,0,25,-8165.33,0,0,6,-302.91,4,8,1,-11.98,0,0,5,-317.19,0
236999735.0,0,34,12872.11,5,1,16,-1406.03,2,0,8,-316.61,1,1,8,-424.45,2
237522697.0,0,43,14226.17,5,3,6,-174.28,4,1,12,-339.58000000000004,2,0,6,-261.96999999999997,0
237911172.0,0,51,9293.14,5,0,18,-1532.37,2,5,4,-219.38,5,3,1,-36.43,0
238059649.0,0,25,-11079.91,0,0,3,-232.91,4,6,3,-284.95,5,0,3,-82.1,0
239123343.0,0,35,13628.909999999998,5,0,6,-230.82999999999998,4,3,4,-225.76999999999998,5,0,10,-449.65,2
240105538.0,0,27,-11732.82,0,0,5,-165.8,4,2,7,-352.88,1,2,5,-287.41,0
240509692.0,0,65,-9723.11,5,5,3,-216.61,1,0,4,-259.7,1,9,1,-38.59,1
241780855.0,0,5,-73.98,4,1,9,1762.6599999999999,4,8,6,1320.61,0,0,12,4317.25,5
244370199.0,0,30,-10534.44,0,0,11,-305.94,0,1,9,-356.34000000000003,2,1,6,-189.9,0
244872205.0,11,5,-352.21,2,0,3,-368.24,4,5,4,903.03,5,7,2,160.42,1
245021593.0,0,14,-718.63,4,6,2,-49.83,1,5,2,1059.86,5,0,9,-399.42,2
246518020.0,0,28,-8334.77,0,4,6,-358.38,4,7,7,-328.55,5,1,6,-187.38,0
246581314.0,10,10,-317.92,2,8,3,-111.08,1,0,4,-309.76,1,3,2,-91.72,0
247805578.0,0,14,-1003.9,4,1,3,-66.34,4,0,5,-117.86,1,1,8,-258.4,0
247851725.0,0,20,-6827.66,0,3,5,-359.88,4,1,4,-141.93,1,0,3,-111.9,0
248486485.0,0,14,-6137.96,4,1,4,-1489.93,4,7,12,-1320.86,3,1,7,-657.91,0
249107679.0,9,7,-139.86,2,5,3,-98.41,1,0,6,-264.73,1,3,4,-36.95,0
249518260.0,0,21,-7666.42,0,3,3,-540.25,4,0,3,-180.17000000000002,1,2,7,-451.96000000000004,0
250073554.0,0,39,-7210.66,0,0,8,-656.03,0,2,7,-472.55,1,1,6,-202.55,0
250955126.0,0,15,-541.1,4,0,13,-641.17,0,0,10,-233.05,2,0,8,-375.53,2
252305322.0,0,28,-6312.84,0,1,7,-321.24,4,1,7,-424.24,1,0,3,-131.91,0
252305398.0,0,5,-334.9,4,1,5,-179.62,4,1,3,-247.7,1,0,5,-153.36,0
252495142.0,0,39,9714.48,5,0,12,-551.82,0,1,11,-752.06,2,4,9,-650.22,2
255088745.0,0,33,22466.5,1,3,12,-1261.6,0,0,6,-628.76,1,0,4,-174.88,0
256433042.0,0,31,-6581.49,0,0,4,-170.14,4,1,3,-117.99000000000001,1,2,4,-413.26000000000005,0
258036481.0,0,32,21660.61,1,0,20,-427.17,0,0,20,-399.82,2,0,17,-409.75,2
258863011.0,1,9,-476.33,4,11,1,-660.0,1,3,2,-139.69,5,11,2,-215.95,1
259060797.0,0,23,-6227.61,0,2,7,-1093.68,4,0,3,-162.0,1,1,5,-295.69,0
259949730.0,0,35,12506.19,5,1,15,-534.6999999999999,0,0,8,-278.88,1,0,16,-673.14,2
260308520.0,0,30,19544.28,1,0,11,-326.47,0,0,12,-434.37,2,0,12,-367.95,2
260498809.0,0,17,-731.62,4,0,6,-349.37,4,2,6,-241.07,1,9,1,-101.98,1
261106539.0,0,42,10106.33,5,0,6,-408.32,4,11,2,-43.08,0,4,3,-327.38,0
262583788.0,0,31,30449.11,1,0,17,-716.32,0,0,17,-906.55,2,0,28,-2354.59,3
263729743.0,0,25,17024.85,1,0,5,-262.65,4,4,5,-451.54999999999995,5,11,1,-5.7,1
264428769.0,0,20,-938.8,4,3,5,-92.37,4,10,1,-27.96,0,0,10,-555.9200000000001,2
264779749.0,0,27,-7626.13,0,0,7,-541.83,4,9,4,-474.26,0,2,6,-272.89,0
264913145.0,0,33,25073.260000000002,1,2,4,-136.78,4,0,4,-86.78,1,1,5,-244.19,0
265111669.0,0,31,14568.07,1,1,4,-390.28,4,6,2,-64.46000000000001,5,0,5,923.0,0
265231589.0,0,16,1310.7199999999998,4,7,4,-422.88,1,7,4,-154.59,0,0,12,-389.95,2
267261936.0,0,40,23032.65,1,9,8,-494.91999999999996,1,1,6,-507.46,1,0,6,-388.98,0
267341017.0,1,12,-545.74,4,3,9,-922.89,0,0,3,-113.29,1,1,8,-539.94,2
267821252.0,0,24,18301.81,1,3,5,-204.41,4,0,3,-133.38,1,3,2,-120.96000000000001,0
268636886.0,0,27,-7491.77,0,0,7,-328.45,4,0,5,-248.06,1,0,6,-237.9,0
268691588.0,3,27,-1214.84,0,4,27,-2126.84,2,11,1,-3.2,0,0,3,570.46,0
269063672.0,0,18,-8264.94,0,6,4,-431.71000000000004,1,1,7,-313.85,1,7,2,-211.49,1
273671095.0,0,23,-6863.3,0,7,1,-86.38,1,1,5,-285.3,1,0,8,-595.41,2
274333944.0,0,11,-480.43,4,1,8,-1355.96,0,3,5,-421.49,5,5,2,-66.91,1
276462025.0,0,29,-17371.21,0,0,5,-171.76,4,4,7,-481.90000000000003,5,2,4,-138.91,0
277191634.0,9,16,-1971.98,2,9,3,-137.93,1,4,2,-154.01999999999998,5,7,3,-104.3,1
277343212.0,0,18,-16520.15,0,4,9,-472.65999999999997,4,5,1,-89.6,5,0,5,-303.95,0
277533267.0,0,32,-1587.34,0,5,8,-1656.77,0,10,1,-27.96,0,9,12,-2344.3,3
278414844.0,0,19,-6326.49,0,11,1,-224.98,1,1,4,1614.7,1,4,3,-229.8,0
278560945.0,0,49,-1392.08,5,0,16,-867.73,0,2,12,-1699.79,3,0,8,-512.94,2
281347918.0,4,7,-252.49,3,1,2,-164.03,4,0,4,-188.91,1,0,2,-68.97,0
282466023.0,0,26,-11182.33,0,0,9,-282.91,0,2,1,-23.43,1,7,1,-16.49,1
283011439.0,0,39,12059.64,5,3,9,-1479.59,0,6,1,-30.34,5,4,2,-395.91999999999996,0
284732520.0,0,11,-282.07,4,2,4,-67.83,4,0,10,-1204.0900000000001,2,2,4,-127.22,0
284997080.0,0,32,-10491.87,0,1,7,-313.64,4,7,5,-198.16,0,2,5,-224.34,0
285939889.0,0,45,17330.96,5,0,17,-1065.8899999999999,0,0,12,-235.7,2,0,13,-321.7,2
287078704.0,0,27,-7146.6900000000005,0,1,2,-136.38,4,11,1,-9.99,0,5,3,-222.47,1
288999254.0,2,14,-667.9200000000001,4,0,15,-857.42,0,0,13,-947.45,2,1,6,-206.48,0
293346437.0,0,35,9380.15,5,7,3,-176.09,1,2,7,-1236.83,2,7,4,-518.96,1
294890250.0,0,48,7074.41,5,0,5,-158.56,4,7,8,-546.94,5,3,6,-83.78999999999999,0
295030732.0,11,7,-106.91,2,3,1,-44.13,4,11,2,-90.33,0,4,1,-69.57,0
295413553.0,0,60,22658.61,5,0,17,-357.45,0,0,20,-457.2,2,0,16,-348.51,2
297051632.0,0,13,-402.83,4,0,6,-230.39,4,5,9,-319.9,5,0,15,-2219.53,3
297664615.0,2,14,-1160.11,4,11,1,-99.98,1,0,3,-188.85999999999999,1,4,3,-141.15,0
298215407.0,0,46,12490.16,5,0,14,-997.4200000000001,0,1,9,-288.38,2,2,11,-924.81,2
298305732.0,0,48,11884.07,5,2,24,-1441.67,2,3,8,-734.95,2,0,8,-562.12,2
298521417.0,0,31,24271.99,1,0,12,-738.53,0,0,10,-199.37,2,0,7,-174.24,0
299304587.0,0,29,19748.36,1,0,8,-269.74,4,0,13,-908.04,2,0,10,-292.84,2
300661463.0,0,33,-12773.83,0,1,1,-34.61,4,10,1,-87.99,0,2,1,-62.69,0
301025345.0,0,35,-6636.08,0,1,6,-127.09,4,0,11,-225.6,2,0,12,-355.85,2
302419745.0,0,49,14536.77,5,0,10,-808.89,0,2,9,-954.1099999999999,2,0,5,-476.46000000000004,0
302931017.0,0,36,13009.45,5,0,12,-367.1,0,0,11,-363.63,2,1,13,-579.3,2
304480964.0,0,20,-8716.59,0,1,3,-413.7,4,2,4,-588.26,1,2,3,-473.55,0
305282923.0,1,9,-204.51,4,0,5,-169.92000000000002,4,1,4,-258.98,1,0,4,-102.14,0
305708899.0,0,11,-243.82,4,0,7,-85.49,4,0,10,-524.4399999999999,2,0,8,-305.02,2
306758965.0,0,54,23005.27,5,0,19,-374.96,0,0,23,-625.24,3,0,20,-443.97,2
306862368.0,0,36,13397.6,5,0,5,-384.53000000000003,4,6,2,-107.96000000000001,5,0,9,-1520.63,2
306890660.0,0,25,-10064.31,0,0,9,981.31,4,0,8,-160.54,1,0,5,-143.57,0
307256374.0,0,45,6524.33,5,2,7,-246.01999999999998,4,4,3,-126.94,5,8,3,-72.9,1
309755073.0,0,36,28417.55,1,1,3,-143.96,4,1,4,-172.56,1,1,6,-159.9,0
310346131.0,0,34,-9095.78,0,6,9,-422.84999999999997,1,0,3,-111.74,1,4,6,-162.86,0
312919373.0,0,33,14946.47,1,0,40,-2962.79,2,2,21,-1597.27,3,1,2,-114.84,0
317409342.0,0,22,-7033.8,0,2,5,-173.57999999999998,4,1,7,-181.12,1,0,6,-171.57,0
317540443.0,0,22,-14002.09,0,11,1,-5.4,1,11,2,-126.36,0,1,3,-196.46,0
318466684.0,0,5,-186.79,4,1,5,-244.51,4,0,2,-62.4,1,5,1,-59.27,1
318997359.0,0,25,-6894.97,0,3,1,-72.72,4,0,6,-445.66,1,5,3,-326.07,1
320485458.0,0,29,-11883.25,0,0,8,-221.3,4,0,9,-122.09,1,0,14,-1108.7,2
322828535.0,11,7,181.11,2,2,4,-353.99,4,3,3,-157.62,5,1,2,-159.82,0
322909544.0,4,19,-1254.53,3,3,2,-77.1,4,0,1,-44.97,1,2,8,-866.4100000000001,2
323321310.0,0,19,-8505.17,0,1,4,-163.07,4,6,3,-187.93,5,2,4,-308.03000000000003,0
323326407.0,0,30,18923.39,1,1,15,-591.48,0,0,8,-358.22,1,0,14,-491.22,2
323360406.0,6,3,-145.98,3,0,6,-165.52,4,0,5,-274.28000000000003,1,4,1,-57.98,0
324287025.0,0,13,-969.7299999999999,4,0,1,-60.91,4,5,5,-551.71,5,2,15,-417.85,2
325281968.0,0,20,-7083.26,0,1,7,8297.72,3,0,5,-210.95,1,2,2,-161.24,0
325998634.0,0,32,18311.739999999998,1,0,7,-253.52,4,0,6,-305.26,1,0,5,-354.47,0
326453338.0,0,43,-12231.72,0,0,17,-668.74,0,0,8,-360.09,1,0,21,-1209.49,3
328525222.0,0,33,21492.42,1,0,16,-616.97,0,0,13,-417.17,2,0,18,-781.19,2
329831262.0,0,43,21170.55,1,0,13,-275.87,0,0,12,-208.32,2,0,13,-322.96000000000004,2
330281915.0,0,37,21530.06,1,0,11,-341.61,0,0,15,-529.66,2,0,10,-263.25,2
331573650.0,0,30,-9320.96,0,0,12,-421.26,0,0,7,-64.49,1,0,8,-76.72,0
331835048.0,0,9,-303.4,4,8,2,-60.81,1,2,17,-3114.24,3,11,1,-29.6,1
331980138.0,2,19,1187.6,4,11,2,-194.78,1,0,10,-956.01,2,0,8,-917.3000000000001,2
332092543.0,2,23,-2089.84,0,11,2,-94.58999999999999,1,3,3,-169.01,5,8,4,-525.59,1
332209556.0,0,14,-174.01999999999998,4,0,9,-346.91,0,0,15,-397.37,2,0,18,-797.24,2
335135509.0,0,23,-16535.69,0,0,4,-201.92000000000002,4,5,3,-86.50999999999999,5,1,2,-25.380000000000003,0
336069952.0,0,18,-3155.48,4,2,3,-323.49,4,0,5,-421.89000000000004,1,0,6,-614.96,0
337111704.0,1,8,-209.99,4,1,2,-195.95999999999998,4,0,3,-85.53,1,3,1,-165.04,0
337347153.0,0,29,-15544.29,0,0,10,-139.34,0,0,10,-269.07,2,0,4,-40.68,0
339010321.0,0,21,-6829.26,0,1,7,-573.28,4,7,2,-103.89,0,1,5,-209.89,0
340335840.0,0,20,20001.47,1,0,9,-143.43,0,1,9,-201.26,2,1,13,-332.52,2
342120095.0,4,9,-223.13,3,0,10,-1612.31,0,1,2,-156.59,1,2,4,-391.58,0
342239685.0,0,21,-12835.86,0,3,2,-66.59,4,0,4,-173.03,1,1,8,327.23,0
343094499.0,0,40,26073.16,1,0,14,-444.68,0,0,9,-508.44,2,0,7,-255.45,0
345270596.0,4,8,-550.6,3,6,2,-71.45,1,3,18,-1470.43,3,2,23,-1368.53,3
345535071.0,0,39,12562.97,5,0,8,-525.12,0,5,11,-1470.55,3,0,5,-161.23999999999998,0
346723703.0,0,26,-11302.05,0,0,2,-221.81,4,5,3,-92.88,5,11,1,-49.42,1
346849410.0,11,3,-121.22,2,0,2,-97.56,4,3,4,-149.53,5,3,2,-101.35,0
347893953.0,0,28,-872.24,0,0,17,-634.03,0,0,15,-529.68,2,0,18,-541.14,2
348320277.0,0,56,-1441.89,5,1,7,-388.51,4,1,5,-213.43,1,0,4,-107.83,0
348857469.0,0,19,-13697.7,0,2,4,-468.71,4,4,3,-152.47,5,2,10,-1373.23,2
348874489.0,0,41,-15395.91,0,0,15,321.29,0,0,15,-174.31,2,0,17,-272.27,2
350245110.0,0,31,19572.72,1,0,14,-359.29,0,0,37,-4367.77,3,0,26,-1760.12,3
351394673.0,0,48,22114.22,1,0,19,-461.18,0,0,26,-841.53,3,0,24,-963.8,3
352451741.0,0,30,-12272.59,0,1,2,-158.49,4,4,2,-128.98,5,0,4,-255.39999999999998,0
352666811.0,0,36,27318.78,1,0,9,-219.99,0,0,10,-433.08000000000004,2,0,10,-311.51,2
354120489.0,0,21,-953.18,4,0,5,-302.22,4,0,4,-399.08,1,1,7,-386.96000000000004,0
355776828.0,0,38,23170.8,1,0,13,-1018.55,0,0,8,-304.71,1,0,10,-433.83,2
356422290.0,0,30,-16232.220000000001,0,3,5,-342.83,4,1,6,-261.87,1,0,7,-422.46,0
356437949.0,1,4,9.650000000000006,4,0,6,-125.58,4,0,9,-1048.56,2,1,3,-159.98,0
358354029.0,0,37,26769.42,1,0,13,-478.12,0,0,17,-561.8000000000001,2,0,20,-575.25,2
358701075.0,6,9,-256.53,3,1,3,-105.14,4,2,2,-24.51,1,9,1,-57.97,1
359997266.0,0,23,-6514.81,0,0,13,-1096.95,0,3,2,-214.7,5,1,3,-177.57,0
361820267.0,0,29,-3284.98,0,0,6,-264.87,4,0,3,-18.490000000000002,1,2,5,-163.14999999999998,0
362216487.0,0,25,-11622.17,0,11,1,-68.81,1,1,2,-183.44,1,2,4,-372.07,0
364430785.0,0,17,-1374.24,4,0,13,-1059.06,0,3,2,-161.88,5,4,2,-257.78000000000003,0
364549181.0,0,34,19679.98,1,2,8,-413.22,4,5,5,-1622.66,5,0,6,-2015.52,2
364781982.0,0,22,-8321.18,0,0,10,-430.61,0,0,7,-343.65,1,1,10,-354.81,2
364982116.0,2,8,-214.22,3,4,2,-41.38,4,6,3,-135.39,5,0,1,-11.1,0
365230805.0,0,37,-11745.1,0,0,3,-146.94,4,0,8,-475.92,2,0,3,-91.94,0
366161125.0,0,18,458.19,4,2,2,-109.9,4,1,8,480.17,1,0,6,-337.53,0
366921691.0,0,36,22854.48,1,0,10,-259.46,0,0,8,-220.45,1,0,12,-357.94,2
368674110.0,0,21,-6357.14,0,0,14,-454.92,0,0,16,-1327.33,3,2,9,-523.27,2
369629735.0,0,37,14957.19,5,1,14,-1049.1799999999998,0,0,6,-128.19,1,1,7,-409.9,0
370181828.0,0,27,-939.47,0,0,17,-1702.02,2,7,4,-253.39000000000001,0,8,1,-128.76,1
371091145.0,0,28,-7112.18,0,1,19,-1321.5,2,0,13,-415.97,2,0,11,-369.65,2
371187871.0,0,26,-8660.43,0,0,15,-453.44,0,0,11,-234.22,2,0,14,-366.82,2
372577592.0,0,32,9688.359999999999,5,1,3,-228.1,4,2,4,-129.99,1,3,6,-324.63,0
373678172.0,3,32,-1945.1299999999999,0,5,2,-23.46,1,11,1,-4.97,0,5,10,-597.92,2
374134348.0,3,36,-1160.8400000000001,0,6,8,-856.2,1,0,4,-179.72,1,3,11,-1403.73,2
374925981.0,1,10,415.64,4,0,6,-443.0,4,1,3,-46.97,1,1,3,-137.89,0
374930663.0,0,48,-7961.66,5,9,2,-111.5,1,1,4,-228.48,1,4,2,-102.00999999999999,0
376357650.0,1,10,-845.09,4,0,1,-259.21,4,8,2,-172.44,0,2,3,-326.59,0
376547994.0,0,26,-11315.81,0,0,14,-1629.25,2,7,9,-408.69,5,1,5,-470.62,0
378609772.0,0,36,-15062.31,0,2,7,-467.63,4,3,2,-216.01000000000002,5,8,2,-247.83,1
380129148.0,0,21,-5784.09,0,0,4,900.83,4,7,2,-198.63,0,2,3,-218.07999999999998,0
380177444.0,0,26,-13513.84,0,0,14,386.74,0,0,20,-1242.58,3,0,16,-421.72,2
380324319.0,0,34,10314.86,5,2,11,-1151.66,0,1,10,-257.77,2,0,9,-442.18,2
382778395.0,2,11,-569.5600000000001,3,2,3,-134.17000000000002,4,3,5,-213.42000000000002,5,0,4,-120.95,0
384133982.0,2,10,2758.21,3,3,5,-125.05,4,3,3,-182.97,5,5,3,-154.52,1
385861694.0,0,16,-502.4,4,0,11,-335.33,0,0,11,-323.18,2,0,18,-1782.08,3
386096851.0,0,41,28271.43,1,0,10,-261.13,0,0,12,-479.13,2,0,11,-270.61,2
386343442.0,0,40,16459.39,5,0,9,-254.91,0,0,18,-445.78999999999996,2,0,12,-307.09,2
386796396.0,0,16,-7416.54,4,0,8,-394.27,4,1,12,-1049.71,2,2,10,-961.29,2
387047241.0,0,12,-658.36,4,8,5,-916.37,1,0,3,-145.82,1,0,3,-232.5,0
387286312.0,0,53,13260.95,5,6,6,-345.47,1,4,18,-1014.01,3,1,27,-2107.93,3
387992266.0,0,27,-15185.039999999999,0,0,9,-225.79999999999998,0,0,10,-364.22,2,0,8,-311.21000000000004,2
388624181.0,0,51,29457.74,1,0,9,-277.13,0,0,11,-280.11,2,0,20,-3034.45,3
389994183.0,0,17,-365.23,4,0,15,-484.11,0,0,10,-228.82000000000002,2,0,10,-590.06,2
390383151.0,0,25,-15436.82,0,4,3,-314.46,4,3,2,-105.82,5,0,6,-547.97,0
390487708.0,0,40,16393.85,5,6,5,-279.43,1,1,4,-280.86,1,0,5,-1779.47,2
390643988.0,3,14,-1637.82,3,4,5,-117.88,4,0,8,-242.17,1,0,18,-1804.7,3
391305592.0,0,32,4823.319999999999,5,1,5,-505.26,4,9,3,-295.66,0,0,3,-194.55,0
392302910.0,4,5,-128.85,3,0,6,-374.75,4,1,15,-2175.82,3,0,5,-220.8,0
393253804.0,0,22,-6376.35,0,3,4,-129.52,4,1,4,-195.43,1,9,1,-33.46,1
394459523.0,0,17,-10493.46,0,0,2,-107.96000000000001,4,3,6,-429.56999999999994,5,10,1,120.0,1
394783207.0,2,12,-1016.88,4,1,13,-1785.66,2,6,6,-353.9,5,7,3,-339.93,1
396287922.0,0,44,19803.89,1,0,14,-753.91,0,0,10,-813.26,2,0,9,-314.02000000000004,2
397633952.0,0,18,-6303.43,4,4,4,-854.5400000000001,4,3,5,-158.99,5,0,11,-1632.06,2
398669730.0,0,25,18100.17,1,1,4,-2051.99,4,6,2,-75.95,5,5,2,-116.61,1
398998336.0,8,4,-67.0,2,0,4,-390.39,4,10,2,-45.230000000000004,0,11,1,-15.98,1
399113270.0,0,18,-1066.59,4,1,4,-71.86,4,0,3,-121.27,1,5,18,-1446.04,3
399373710.0,4,12,-120.68,3,10,2,-99.97,1,3,1,-245.87,5,10,1,-37.99,1
400444391.0,0,19,-5979.07,0,0,12,-1375.01,0,0,8,-596.86,2,0,4,-118.38,0
400532172.0,0,47,11349.06,5,2,16,-1197.99,0,3,8,-372.4,5,2,5,-178.25,0
400856284.0,0,33,-603.19,0,0,10,-382.14,0,4,13,-426.59,2,0,5,-168.07,0
402284713.0,0,26,18455.010000000002,1,0,9,-332.62,0,0,8,-159.97,1,0,9,-1827.96,2
402783181.0,0,15,-8586.97,4,1,3,-244.92000000000002,4,0,3,-155.60000000000002,1,5,5,2256.55,5
403002938.0,0,24,-11028.12,0,10,1,-149.97,1,1,7,-341.81,1,0,8,727.48,0
403152896.0,1,11,-692.53,4,0,4,-257.7,4,1,3,-68.82,1,10,1,-128.58,1
403536848.0,1,24,-1731.19,0,5,8,-623.51,4,0,9,-566.3,2,3,18,-1118.7,3
403553964.0,3,13,-649.27,3,0,3,-202.9,4,1,6,-277.4,1,0,5,-245.59,0
403556752.0,0,39,-12967.13,0,5,6,-311.55,1,2,6,-570.34,1,3,9,-580.15,2
404682931.0,2,40,-1078.3,5,2,7,-743.87,4,4,5,-545.89,5,3,4,-328.89,0
405508646.0,0,17,-6368.63,4,6,3,-154.14000000000001,1,8,3,-285.79,0,4,4,-289.93,0
405830606.0,0,26,4560.01,4,11,1,-49.93,1,4,3,-170.5,5,1,1,-67.97,0
406523589.0,2,15,187.19,4,0,3,-172.48999999999998,4,5,8,-402.73,5,6,22,-3159.1,3
406807170.0,0,29,-12890.93,0,0,11,-309.37,0,0,11,-394.74,2,0,9,-198.27,2
408079524.0,0,32,-8321.56,0,0,10,-341.27,0,0,14,-489.84000000000003,2,0,9,-256.07,2
408104983.0,0,19,-13341.05,0,1,5,-194.3,4,2,2,-40.650000000000006,1,4,6,-328.63,0
409951832.0,0,48,-16313.2,0,0,1,-24.57,4,1,18,-1511.99,3,4,2,-78.25,0
410360564.0,0,42,6268.95,5,2,10,-1064.13,0,1,4,-67.94,1,1,9,-383.25,2
410872340.0,0,26,18094.73,1,1,7,24.090000000000003,4,7,3,-205.54,0,5,2,-163.97,1
411180424.0,2,14,-1384.8799999999999,4,4,3,-167.1,4,10,3,-239.83999999999997,0,7,3,-184.74,1
411628100.0,0,27,19020.96,1,0,14,-648.37,0,0,18,-691.65,2,0,17,-932.47,2
414150661.0,1,9,589.23,4,4,4,-154.54000000000002,4,7,2,-77.09,0,1,7,134.82999999999998,0
414259851.0,0,21,-7779.24,0,1,8,-642.47,4,8,3,-252.18,0,9,3,-266.0,1
414568641.0,0,52,10663.61,5,2,13,-1119.13,0,10,1,-86.99,0,7,3,-208.99,1
415441473.0,0,33,-8242.02,0,3,9,-323.9,4,1,3,-97.8,1,1,6,-541.28,0
417749255.0,0,40,27212.1,1,0,8,-362.51000000000005,4,0,7,-73.36,1,1,8,-209.32999999999998,0
417959696.0,0,28,-6639.76,0,7,2,-248.5,1,1,5,-116.51,1,9,2,-13.97,1
418345351.0,0,34,27848.25,1,0,14,-402.96999999999997,0,0,16,-656.14,2,0,23,-858.4300000000001,3
419127595.0,3,6,-856.65,3,4,1,-129.97,4,0,2,-361.47,1,5,3,-337.05,1
421212446.0,0,26,-9592.24,0,1,8,-160.43,4,1,11,-1120.72,2,2,7,-265.40999999999997,0
421573978.0,6,16,-995.88,3,0,3,-113.91,4,0,6,-772.48,1,8,6,-822.97,1
422294064.0,0,25,-7154.77,0,0,11,-370.16999999999996,0,0,9,-294.29,2,0,14,-686.35,2
425057237.0,4,14,110.06,3,1,3,-195.47,4,6,1,-18.53,5,2,4,-145.42000000000002,0
425388651.0,0,13,387.14,4,0,9,-261.73,0,7,1,-25.98,0,7,1,-149.97,1
425858125.0,0,41,18587.640000000003,1,0,12,-386.24,0,0,10,-279.34000000000003,2,0,9,-224.27,2
426570078.0,0,46,11158.82,5,3,3,-155.97,4,3,10,-904.81,2,1,2,-220.69,0
426836146.0,11,3,-44.97,2,3,2,-144.67000000000002,4,0,1,-22.93,1,2,3,-104.38,0
427017772.0,3,9,-277.43,3,1,3,-744.8299999999999,4,0,9,-850.38,2,1,23,-1466.9099999999999,3
427901346.0,0,19,-9528.97,0,0,4,-384.54,4,3,4,-296.8,5,3,5,-182.89999999999998,0
429283631.0,0,35,17141.31,1,0,10,-362.12,0,0,7,-141.56,1,0,9,-202.47,2
432603176.0,0,27,-6201.82,0,0,6,-234.67,4,1,8,-313.45,1,0,8,-315.26,2
432733129.0,0,23,-11750.12,0,0,7,-445.28999999999996,4,2,4,-212.64,1,1,4,-54.22,0
433119856.0,0,45,11190.3,5,0,9,-774.72,0,1,4,-132.37,1,8,3,-261.74,1
433254392.0,0,33,19602.56,1,1,20,-276.23,0,0,19,-331.33,2,0,14,-282.63,2
433800571.0,0,18,98.85000000000001,4,0,23,-4212.71,2,3,18,-3095.05,3,1,5,-438.67,0
434441889.0,0,35,-6181.22,0,0,17,-234.79000000000002,0,0,23,-675.89,3,0,19,-1074.84,3
434955588.0,0,5,-118.77000000000001,4,0,9,-777.41,0,1,7,-173.29,1,3,5,-290.11,0
435336329.0,0,41,-1115.17,5,1,7,-219.10999999999999,4,11,2,-157.66,0,0,2,-92.71,0
436559389.0,0,20,19483.85,1,0,9,-208.93,0,0,7,-233.94,1,0,10,-388.93,2
436684166.0,0,32,-6612.19,0,6,3,-140.94,1,0,10,-885.3,2,0,5,-876.09,0
436851858.0,0,26,-6898.3,0,0,3,-189.29000000000002,4,3,2,-166.42000000000002,5,7,2,-150.47,1
438340622.0,2,15,-936.8699999999999,4,0,4,-337.03999999999996,4,1,3,-262.21000000000004,1,6,2,-156.20999999999998,1
438753109.0,0,22,-10281.39,0,2,4,-299.52,4,1,7,-299.31,1,0,2,-99.49,0
439885435.0,2,35,-918.6700000000001,0,3,4,-306.55,4,2,2,-21.990000000000002,1,2,5,-564.3299999999999,0
442063475.0,0,38,24288.9,1,1,4,-136.02,4,0,6,-182.62,1,0,7,-433.01,0
445223792.0,0,22,-13282.18,0,8,2,-133.76,1,2,2,-129.64000000000001,1,1,1,-45.17,0
447167881.0,2,5,-136.6,3,1,3,-155.75,4,3,3,-196.50000000000003,5,4,3,-57.2,0
449954592.0,0,24,-10033.23,0,0,23,-1546.66,2,0,13,-488.17,2,0,7,-261.34000000000003,0
450758381.0,0,44,9590.829999999998,5,3,1,-61.61,4,7,1,-129.62,0,0,4,-378.63,0
450904789.0,0,23,-6733.9,0,2,3,-119.86,4,6,1,-22.0,5,1,13,-970.99,2
451627837.0,0,25,-7362.25,0,0,3,-230.7,4,2,9,-809.18,2,0,4,-198.0,0
451894789.0,0,23,-12659.16,0,1,11,-972.52,0,0,5,-539.27,1,0,7,211.87,0
451924639.0,0,22,21807.2,1,0,8,-413.83,4,0,13,-506.78000000000003,2,0,13,-781.17,2
451969321.0,11,3,-167.69,2,0,2,-123.02000000000001,4,9,7,-1093.3,0,2,2,-97.8,0
452903235.0,0,45,10722.46,5,4,15,-1802.43,2,1,4,-318.63,1,2,10,-1141.79,2
454527149.0,0,33,12466.04,5,1,2,-14.51,4,0,15,-1337.56,3,2,8,-259.03999999999996,0
455951719.0,0,32,18476.17,1,0,20,-636.9,0,0,19,-1933.33,3,0,7,-307.40999999999997,0
456098911.0,0,28,-8984.54,0,0,6,-374.64,4,7,1,-19.97,0,2,4,-157.82,0
456243902.0,0,32,14549.680000000002,1,9,1,-111.97,1,1,6,-296.52,1,2,5,-99.92,0
456524383.0,0,45,24588.05,1,0,10,-313.29,0,0,8,-213.71,1,0,7,-102.94,0
456592475.0,0,30,8468.02,5,3,1,-10.33,4,0,2,-57.790000000000006,1,1,3,-44.38,0
457412981.0,2,14,621.82,4,2,5,-284.9,4,0,13,-1003.8199999999999,2,3,6,-268.9,0
458332716.0,0,8,-327.43,4,5,3,-208.87,1,3,3,-261.27,5,3,3,294.87,0
458477724.0,0,39,-9263.74,0,0,16,-672.61,0,0,24,-1004.39,3,0,11,-89.65,2
458691529.0,0,57,12045.47,5,0,17,-736.87,0,0,17,-468.35,2,0,14,-673.87,2
459397986.0,0,41,6160.62,5,3,2,-309.01,4,6,1,-5.0,5,5,3,-127.01,1
460317962.0,0,8,70.49,4,2,5,-111.33,4,6,9,-777.34,5,0,3,123.61000000000001,0
461915650.0,0,36,23762.86,1,0,6,-502.11,4,0,4,-329.69,1,1,3,-220.35000000000002,0
462596616.0,0,5,-79.89,4,0,19,-1701.22,2,3,9,-569.09,2,1,7,-152.83,0
463261831.0,0,20,598.28,4,0,10,-289.84000000000003,0,0,11,-367.94,2,0,10,-308.33,2
463285508.0,0,31,15817.03,1,9,5,-81.08,1,7,3,-61.62,0,7,4,-377.95,1
463438169.0,0,46,15180.61,5,0,5,-204.07999999999998,4,0,10,-706.93,2,4,9,-225.06,0
465077357.0,0,17,-7648.58,4,2,2,-64.24,4,0,3,1098.27,1,8,1,-32.32,1
465646206.0,0,26,-7103.5,0,0,7,-436.24,4,0,7,-1303.78,2,1,3,-1284.41,0
466891892.0,0,25,-9928.61,0,10,9,-1166.98,1,1,7,-883.38,2,1,2,-235.54999999999998,0
467378955.0,0,28,-662.46,0,0,13,-960.6899999999999,0,1,5,-209.46,1,11,1,-42.0,1
467782191.0,0,33,15014.69,1,3,3,-268.15999999999997,4,3,2,-253.67000000000002,5,2,7,-509.41999999999996,0
468165990.0,2,14,-1884.86,4,2,9,-360.74,4,1,6,-261.92,1,0,3,-398.74,0
470694108.0,0,29,-6768.49,0,0,14,-545.84,0,0,14,-319.99,2,0,16,-599.62,2
473087516.0,0,28,19834.72,1,0,8,-606.25,0,0,8,-284.15999999999997,1,0,8,-466.91,2
473307532.0,0,19,-16525.01,0,4,3,-120.58,4,5,2,-116.86,5,0,1,-34.31,0
473930460.0,0,10,-348.52000000000004,4,2,7,-214.55,4,4,3,-164.45,5,0,10,-538.51,2
475193725.0,0,34,18264.850000000002,1,6,5,-274.7,1,0,7,-207.85000000000002,1,3,8,-497.75,0
476009885.0,0,28,-12232.43,0,6,1,-27.21,1,1,4,-233.75,1,3,3,-122.7,0
476359535.0,0,28,-2066.18,0,2,5,-178.42,4,5,7,-565.82,5,0,11,-666.1999999999999,2
478188116.0,0,39,7905.95,5,5,6,-380.41999999999996,1,0,17,-982.37,2,3,9,-588.96,2
478421917.0,0,37,26126.0,1,4,4,-175.87,4,1,11,-1108.6599999999999,2,0,8,-559.04,2
479066340.0,0,20,-10531.96,0,6,2,-82.50999999999999,1,3,11,-1105.54,2,1,7,-195.91,0
480072132.0,0,12,-412.31,4,0,19,-927.04,0,0,14,-467.8,2,0,12,-530.1999999999999,2
480358103.0,0,48,11566.05,5,1,25,-2698.65,2,5,7,-263.58,5,0,2,-85.11,0
480382676.0,0,16,-590.03,4,0,13,-702.13,0,0,13,-864.35,2,0,11,-340.87,2
482037432.0,5,21,-2491.82,3,2,3,-264.1,4,1,16,-2397.48,3,6,4,-63.080000000000005,1
483897334.0,0,35,11905.119999999999,5,9,1,-49.99,1,4,6,-446.58,5,2,5,-88.42,0
484688392.0,0,43,12493.929999999998,5,0,8,-692.04,0,4,6,-277.46000000000004,5,0,6,-397.36,0
484935293.0,0,40,-16409.09,0,8,1,-32.88,1,5,3,-74.31,5,11,1,-69.98,1
486479817.0,0,22,-7354.04,0,0,12,-526.9399999999999,0,0,13,-903.04,2,2,24,-1984.2,3
488365875.0,0,31,17143.649999999998,1,0,15,-613.5,0,0,8,-268.5,1,1,32,-3787.81,3
488891796.0,0,42,19173.64,1,0,13,-500.1,0,0,13,-562.3,2,0,10,-495.35,2
489205734.0,0,29,22958.58,1,0,14,-462.78,0,0,13,-370.06,2,0,17,-811.24,2
490037044.0,0,36,31589.86,1,1,5,-182.66,4,7,3,-243.2,0,4,2,-106.57,0
491785223.0,0,35,10670.38,5,2,5,-39.86,4,1,3,-210.95,1,1,6,-246.71,0
492544253.0,0,43,13562.71,5,0,10,-934.7,0,2,6,-363.9,1,0,3,-96.7,0
492565198.0,0,24,-7563.35,0,2,4,-225.47,4,0,5,-541.37,1,8,1,-135.74,1
492856270.0,0,21,-12073.89,0,4,3,-96.88,4,1,8,-438.01,2,1,7,-378.11,0
496171351.0,0,36,17657.410000000003,1,3,5,-277.58000000000004,4,1,9,-943.66,2,0,10,-752.9200000000001,2
496800774.0,0,34,31552.43,1,0,10,-188.1,0,4,3,-169.46,5,7,2,-62.96,1
498546152.0,0,35,-8811.14,0,0,1,-56.35,4,2,5,-174.89,1,1,2,-96.81,0
500867383.0,0,41,7233.96,5,11,1,-21.97,1,4,4,-166.22,5,7,2,-70.92,1
500910515.0,0,31,-9946.78,0,7,13,-1350.32,1,1,2,-138.82,1,4,2,-201.85000000000002,0
500966899.0,0,40,12227.05,5,0,11,-889.16,0,2,1,-23.04,1,0,4,-803.1,0
502667038.0,0,23,19369.79,1,0,12,-252.38,0,0,10,-460.40999999999997,2,0,16,-1138.0,2
504163037.0,0,9,-355.49,4,0,6,-324.36,4,0,6,-443.27,1,0,7,-343.7,0
504196643.0,4,14,-1658.78,3,0,4,-1576.98,4,1,4,-107.36000000000001,1,2,3,-174.68,0
504197034.0,0,24,-8144.35,0,2,15,-86.78999999999999,0,1,10,-658.69,2,1,6,-548.37,0
504253750.0,6,10,-356.88,3,0,15,-2460.82,2,1,6,-542.78,1,2,2,-158.67,0
504631289.0,0,27,-11401.11,0,1,13,-577.42,0,0,7,-345.83,1,0,7,-403.64,0
505768962.0,10,5,-518.01,2,10,3,-119.99,1,10,3,-97.04,0,1,2,-314.35,0
507715740.0,0,20,-205.32,4,0,2,-106.98,4,0,18,-2517.77,3,9,1,-31.64,1
507931367.0,2,7,-372.71999999999997,3,3,4,-188.79999999999998,4,0,26,-3475.38,3,1,13,-349.21000000000004,2
508282617.0,0,24,-11805.869999999999,0,11,1,-5.3,1,1,7,-123.25,1,5,5,-341.98,1
508417291.0,0,35,13247.78,5,1,5,-202.71,4,0,6,-377.49,1,5,5,-289.07,1
508805623.0,3,5,-121.74000000000001,3,1,4,-216.13,4,1,7,-312.36,1,0,19,-2296.39,3
509842353.0,0,27,-14454.21,0,0,8,-428.66999999999996,4,3,15,-1512.82,3,6,2,-174.31,1
512240224.0,0,20,-7546.97,0,0,1,-59.93,4,0,7,-414.19,1,2,6,-265.73,0
512493578.0,1,8,-638.99,4,0,5,-358.2,4,1,6,273.73999999999995,1,6,4,-178.88,1
512652539.0,3,10,-145.4,3,6,4,-142.05,1,6,2,-54.37,5,2,3,-194.15,0
513468437.0,0,17,-451.05,4,0,21,-988.0500000000001,2,0,16,-337.7,2,0,17,-654.39,2
513568108.0,6,8,-277.6,3,1,2,-70.5,4,3,2,-65.69999999999999,5,9,2,-172.21,1
513804828.0,2,14,-195.39000000000001,4,5,8,-1159.55,4,2,16,-2586.09,3,4,2,62.22,0
514258048.0,0,26,-2716.17,0,3,16,-2354.56,2,2,21,-2311.22,3,0,15,-1400.8,3
515694595.0,0,32,6045.1,5,6,1,-156.09,1,0,2,-72.52000000000001,1,7,3,-362.44,1
516840555.0,0,29,8355.63,5,2,11,-1584.1699999999998,0,5,3,-286.1,5,1,3,-81.69,0
517389551.0,2,3,-231.91000000000003,3,9,1,-110.6,1,0,1,-43.46,1,9,1,-15.98,1
517686272.0,0,26,-6676.13,0,0,23,-2599.64,2,0,7,-79.12,1,0,27,-1831.11,3
518106180.0,4,14,-313.61,3,2,8,-356.44,4,0,11,-256.41,2,0,13,-6073.63,4
518240479.0,2,12,-486.01,4,0,4,-189.79000000000002,4,0,12,-1620.2400000000002,3,0,6,-385.38,0
518746052.0,0,56,20708.219999999998,5,0,19,-398.6,0,0,12,-244.87,2,0,24,-472.93,3
519439512.0,0,14,-9482.88,4,1,6,1420.89,4,1,1,-40.04,1,1,7,2018.45,5
519598586.0,0,43,7242.219999999999,5,1,21,-1354.33,2,0,7,-237.81,1,1,3,-80.25999999999999,0
520038221.0,0,20,-1048.11,4,0,11,-659.86,0,0,10,-651.31,2,0,10,-362.26,2
521538348.0,0,22,-12909.5,0,0,7,-459.52,4,0,4,-133.24,1,1,3,-154.07,0
521903290.0,0,35,10465.45,5,6,13,-1417.57,0,7,2,-14.9,0,6,5,-199.05,1
522448873.0,0,32,-8083.8,0,1,3,-180.47,4,2,9,-722.5899999999999,2,2,9,-452.71,2
523503688.0,2,27,-1523.24,0,7,10,-1370.66,1,5,2,-37.99,5,0,15,-1261.06,2
525460691.0,0,15,1071.34,4,2,5,-255.98000000000002,4,0,9,-377.57,2,4,4,-305.26,0
526566398.0,0,26,-12046.02,0,0,10,-872.22,0,4,5,-322.46,5,1,6,-248.01,0
526828764.0,0,32,19607.83,1,0,23,-729.44,2,0,17,-557.52,2,0,17,-389.99,2
527375874.0,0,28,22709.68,1,1,5,-9415.88,5,3,4,-279.51,5,6,2,-267.29,1
529096245.0,0,36,33049.88,1,1,6,-661.12,4,0,6,-163.77,1,1,6,-383.21000000000004,0
530401552.0,5,5,-114.19999999999999,3,0,3,-103.69,4,2,3,-209.95999999999998,1,10,1,-46.42,1
531504751.0,0,51,15507.720000000003,5,0,21,-2181.08,2,1,4,-121.03999999999999,1,9,11,-616.44,1
532775898.0,0,23,-13717.16,0,2,3,-200.56,4,1,3,-216.95,1,8,1,-129.88,1
533241429.0,3,17,-850.46,3,1,19,-1004.5,2,0,14,-1095.68,2,1,43,-2491.76,3
533804363.0,0,43,14841.77,5,0,6,-221.11,4,0,10,-245.77,2,0,9,-384.07,2
533956091.0,0,22,-7211.92,0,0,11,-5720.51,5,2,6,-243.03,1,1,7,-208.29,0
534657751.0,6,8,-922.51,3,3,4,-1278.9,4,0,2,-68.14,1,2,2,-86.81,0
534823079.0,0,20,610.75,4,3,4,-299.53,4,1,8,-250.9,1,1,12,-695.83,2
535489388.0,0,9,-370.40999999999997,4,2,2,-85.06,4,1,1,-48.25,1,3,3,-180.98000000000002,0
536654211.0,0,38,16115.8,5,0,12,-546.53,0,0,13,-571.36,2,0,8,-238.62,0
536680948.0,0,17,-470.35,4,2,7,-157.99,4,1,9,-108.47,1,1,12,-778.71,2
536797290.0,0,28,18834.05,1,3,7,-315.04,4,2,3,-35.0,1,0,16,-1567.94,3
538090189.0,0,34,-14908.18,0,0,9,-905.5,0,4,8,-764.32,5,2,5,-305.53,0
538212119.0,0,39,9024.21,5,10,1,-183.02,1,7,2,-372.91999999999996,0,3,2,-166.09,0
538231250.0,0,22,39572.73,1,0,6,-355.24,4,1,11,-2275.19,3,0,8,-454.88,2
538329511.0,0,42,22580.89,1,4,3,-210.5,4,0,10,-390.12,2,0,4,-216.22,0
539699725.0,0,19,-1056.53,4,3,9,-430.64,4,3,3,-54.519999999999996,5,8,2,-83.45,1
541437105.0,0,30,22152.96,1,0,16,-493.77,0,0,23,-1099.5,3,0,22,-624.48,2
541453448.0,0,19,-842.49,4,1,9,-401.88,0,0,9,-335.14,2,3,4,-208.97,0
541515079.0,0,17,-359.62,4,0,15,-1238.17,0,0,9,-299.95,2,0,11,-349.34,2
542482841.0,0,23,-7976.84,0,0,4,-97.03999999999999,4,5,2,-72.96,5,3,2,-100.35,0
542959922.0,0,34,15353.94,1,2,17,-2390.58,2,0,6,-263.7,1,2,2,-83.62,0
543063519.0,0,28,18477.99,1,0,7,-270.73,4,0,8,-269.7,1,0,10,-368.17,2
545333793.0,0,38,16945.75,1,0,18,-1421.51,2,0,7,-160.23,1,0,10,-267.2,2
547673217.0,1,10,-634.18,4,10,3,-801.5,1,1,3,-237.35,1,1,18,-2385.15,3
549693058.0,0,25,-1899.07,0,0,9,-284.61,0,0,13,-265.64,2,0,8,-74.57000000000001,0
552300414.0,5,9,-285.11,3,1,4,-271.73,4,2,1,-87.07,1,9,2,-149.96,1
552404741.0,0,13,100.19999999999999,4,3,5,-565.14,4,8,4,-445.84000000000003,0,6,2,-273.78,1
554053886.0,0,34,11403.419999999998,5,0,14,-1976.67,2,9,4,-273.05,0,2,7,-408.71,0
554443502.0,0,19,-7814.92,0,2,6,-463.43,4,1,3,-127.60000000000001,1,0,3,-92.5,0
554763849.0,0,37,13892.95,5,2,8,-477.56,4,5,5,-212.91000000000003,5,0,4,-194.35,0
557388018.0,0,26,17962.54,1,0,11,-373.11,0,0,17,-1681.0,3,2,11,-438.13,2
558097325.0,1,10,-452.21,4,4,6,-332.7,4,0,4,-360.78000000000003,1,4,1,-25.02,0
558411682.0,0,31,12139.24,5,9,5,-259.65999999999997,1,9,2,-13.0,0,9,2,-12.3,1
559081385.0,0,36,21251.13,1,0,16,-1501.74,2,3,5,-374.39,5,3,1,-35.65,0
559177863.0,0,20,-5751.16,0,1,5,-418.7,4,10,3,-142.97,0,0,10,-1095.69,2
559371974.0,0,50,15754.25,5,1,12,-931.1,0,4,4,-420.20000000000005,5,3,5,-258.15999999999997,0
559748357.0,0,55,-2114.16,5,1,5,-315.73,4,10,1,-15.97,0,0,1,-57.99,0
559995459.0,0,39,23341.43,1,0,11,-928.07,0,6,8,-799.98,5,3,6,-345.90999999999997,0
560592808.0,0,38,12302.88,5,1,7,-153.48,4,0,8,-198.34,1,0,10,-254.10999999999999,2
561680093.0,1,12,-697.0699999999999,4,0,10,-437.22,0,1,6,-212.24,1,0,8,-326.55,2
561947181.0,0,14,-409.71,4,6,8,-728.09,1,9,3,-104.96,0,10,2,-108.94999999999999,1
562753765.0,0,19,-9345.22,0,0,6,-207.57,4,1,9,-645.36,2,0,4,-279.74,0
563913117.0,0,33,-173.14999999999998,0,2,8,-569.07,4,7,3,-257.41999999999996,0,0,5,-508.25,0
564343364.0,0,23,-16029.39,0,3,6,-297.86,4,1,5,-126.92999999999999,1,1,4,-372.51,0
565569286.0,0,18,-6627.48,4,10,5,-538.97,1,6,1,-84.71,5,10,1,950.0,1
566606245.0,0,14,-5950.62,4,6,4,1087.01,1,0,5,-290.97,1,4,11,-1122.25,2
566956901.0,0,20,-10769.81,0,1,4,-289.19,4,0,3,-121.94999999999999,1,11,1,-59.98,1
567245759.0,0,15,-575.51,4,0,23,-1432.06,2,0,8,-179.03,1,0,9,-631.53,2
567671968.0,0,14,-10145.54,4,11,1,-3.99,1,0,4,-320.69,1,1,14,-1445.41,3
567999816.0,0,29,21983.03,1,2,5,-441.55,4,2,2,-107.79,1,0,5,-250.8,0
568867330.0,0,52,19893.89,5,2,12,-432.73,0,0,22,-1143.8,3,0,12,-289.23,2
568979773.0,0,30,14123.85,1,6,5,-442.93,1,10,1,-19.99,0,3,3,-606.1800000000001,0
570295880.0,0,16,-416.17,4,0,9,-411.27,0,0,8,-456.25000000000006,2,0,7,-352.25,0
571739791.0,0,28,-15680.74,0,1,6,-571.7,4,0,3,-366.47,1,0,7,-309.94,0
571965108.0,0,44,11836.31,5,2,10,-712.5,0,1,4,-123.61,1,4,5,-214.74,0
572394899.0,0,24,-10423.48,0,0,11,-294.16,0,0,10,-1155.18,2,0,14,-1195.41,2
573143664.0,0,25,-306.35,0,11,1,-84.93,1,0,2,-195.14999999999998,1,0,5,-237.75,0
573643030.0,3,9,-1191.26,3,1,5,-1229.42,4,1,5,-1778.96,2,0,6,-2339.79,3
575282647.0,0,30,9963.23,5,4,3,-261.72,4,0,4,-244.52,1,3,5,-440.8,0
576847581.0,1,8,-328.53999999999996,4,3,18,-1845.45,2,2,2,-117.14000000000001,1,0,6,-492.57,0
579690299.0,0,34,12842.01,5,1,8,-466.28,4,0,4,-315.96,1,0,7,-707.09,2
580583985.0,2,22,-923.05,4,0,6,-221.66,4,0,9,-693.23,2,0,8,-1160.26,2
581001534.0,0,8,-527.25,4,7,1,-123.21,1,9,3,-200.88,0,8,1,-142.54,1
582824136.0,0,40,19641.58,1,0,10,-439.9,0,1,7,-276.56,1,1,10,-720.01,2
582929814.0,0,19,-13480.0,0,1,5,-145.74,4,3,3,-138.32,5,0,5,-166.65,0
583489607.0,0,30,-795.84,0,0,11,-980.54,0,2,3,-71.44,1,5,8,-888.11,0
584512556.0,0,28,19787.05,1,0,11,-469.63,0,0,14,-1131.2,2,0,13,-1793.42,3
584553451.0,3,15,-1488.6299999999999,3,0,2,-132.49,4,6,1,-48.44,5,0,2,-88.02000000000001,0
584706957.0,0,17,-11818.97,0,1,4,-145.66,4,9,11,-1074.83,0,7,1,-31.99,1
585323829.0,4,9,-182.13,3,7,2,-90.36,1,1,5,-143.4,1,9,3,-295.29,1
586149797.0,0,24,-11434.52,0,0,13,-360.63,0,0,15,-589.62,2,0,8,-323.62,2
588585437.0,0,17,-6638.25,4,0,4,-424.86,4,10,1,-109.97,0,1,3,-213.45,0
588704626.0,0,16,-4832.7300000000005,4,0,8,-561.99,0,0,4,-193.15999999999997,1,0,8,-2956.54,3
589275555.0,0,18,-7066.1900000000005,0,11,1,-75.33,1,4,2,-239.96,5,0,3,194.53,0
591158111.0,0,35,32978.43,1,3,4,-302.5,4,1,5,-758.48,1,0,10,-325.89,2
592835414.0,0,24,-12927.08,0,0,17,-795.38,0,0,10,-810.37,2,0,5,-207.21,0
593338271.0,0,21,-15745.82,0,1,5,-265.69,4,0,4,1464.18,1,6,2,-84.91000000000001,1
593503328.0,2,3,-121.09,3,4,19,-2752.68,2,6,2,-126.78,5,4,2,-83.78,0
593930987.0,0,7,-118.11,4,1,7,-113.25,4,4,5,-494.93,5,8,2,-249.07999999999998,1
596130553.0,0,25,19813.68,1,0,10,-527.77,0,0,8,-651.55,2,0,9,-322.27,2
596414815.0,0,19,-14096.39,0,8,3,-184.04999999999998,1,3,5,-354.28,5,0,5,-287.19,0
597942745.0,0,32,-534.53,0,0,15,-2498.47,2,4,1,-2.01,5,4,6,-699.09,0
598254201.0,0,7,-151.48,4,0,4,-82.34,4,0,8,-554.31,2,0,7,-136.12,0
598326737.0,0,44,8280.72,5,2,12,-328.08,0,0,16,-899.1500000000001,2,0,11,-313.65,2
598679836.0,0,25,-15011.85,0,4,6,465.86,4,2,9,-400.84,2,1,3,-64.97,0
599377999.0,0,46,28994.64,1,0,10,-445.18,0,0,12,-740.5,2,0,12,-455.3,2
601343377.0,1,4,-80.67,4,11,1,-28.08,1,0,4,-212.01,1,5,6,-431.2,1
602582955.0,3,11,-889.45,3,1,3,-295.15999999999997,4,9,3,220.17000000000002,0,0,4,26.399999999999977,0
602696768.0,2,13,-404.65,4,7,1,-37.32,1,3,2,-46.97,5,3,5,-314.05,0
603308018.0,0,35,16694.16,1,0,12,-493.88,0,0,10,-365.93,2,0,12,-238.43,2
604250551.0,0,22,-6424.44,0,0,3,-106.91,4,3,12,-834.75,2,1,2,-127.57,0
604789281.0,0,43,33574.68,1,0,11,-503.69,0,0,10,-352.5,2,0,7,-475.79,0
605595282.0,0,16,-6399.96,4,11,1,410.0,1,0,16,-1747.95,3,1,1,-57.0,0
606934288.0,4,6,-187.84,3,6,3,-64.11,1,1,6,-468.32,1,0,4,-140.52,0
609670640.0,0,25,-11960.52,0,11,1,-6.99,1,0,3,-230.76,1,3,7,-558.79,0
610498049.0,0,31,-7776.42,0,4,2,-99.53,4,3,3,-239.63,5,1,19,-1063.2,3
611329387.0,3,15,48.22,3,2,10,-423.71,0,0,10,-932.9200000000001,2,3,3,-67.25,0
611725249.0,11,6,-111.91,2,0,4,-396.07,4,10,1,-28.0,0,1,10,-1225.44,2
612995982.0,0,15,52.410000000000025,4,0,23,-1554.25,2,0,12,-782.94,2,0,14,-733.06,2
613881107.0,11,8,-146.85,2,1,2,-63.760000000000005,4,11,2,-123.51,0,5,2,-106.0,1
614118993.0,0,19,-11989.87,0,5,4,1377.23,1,1,1,-92.91,1,0,1,-102.59,0
615000384.0,0,26,-6294.39,0,0,10,-382.65,0,0,11,-266.90999999999997,2,0,11,-488.76,2
615620138.0,2,7,-108.92,3,2,12,-1021.76,0,3,2,-56.42,5,0,4,-163.95,0
615841733.0,0,32,-629.29,0,6,1,-35.0,1,0,4,-453.91999999999996,1,1,9,-1045.96,2
616859189.0,0,30,13047.05,1,0,11,-1317.46,0,1,9,-573.04,2,1,3,-288.93,0
619060988.0,0,42,11174.92,5,3,7,-670.64,4,10,2,-53.51,0,9,2,-21.29,1
619561188.0,0,34,24433.129999999997,1,2,11,-206.16,0,1,7,-783.99,2,2,12,-630.1800000000001,2
619971616.0,0,27,18809.83,1,1,9,-898.11,0,1,12,-623.91,2,3,7,-546.37,0
620248116.0,0,26,21223.76,1,2,5,-1179.32,4,6,7,-2070.35,3,1,10,-947.09,2
621542680.0,0,14,657.59,4,6,3,-133.7,1,1,10,-421.38,2,0,9,-433.32000000000005,2
623153278.0,0,26,-7483.83,0,2,5,-351.78,4,4,5,-377.17,5,0,4,-124.38999999999999,0
624186151.0,0,45,-8186.51,0,0,2,-119.31,4,4,6,-427.81,5,5,3,-179.25,1
626193247.0,0,24,-822.6999999999999,0,1,14,-1185.07,0,1,5,-264.94,1,4,1,-20.37,0
628498691.0,0,11,-444.87,4,6,3,-237.45999999999998,1,4,3,-331.87,5,0,3,-281.21000000000004,0
628700517.0,0,27,19606.0,1,1,10,-253.96,0,0,12,-445.24,2,0,11,-325.46999999999997,2
628866686.0,0,36,20549.93,1,2,5,-270.32,4,3,3,-235.39000000000001,5,0,10,-804.71,2
628962955.0,1,20,-1455.6399999999999,4,0,7,-489.0,4,1,14,-1178.35,2,0,18,-2075.25,3
629419118.0,0,13,-391.41,4,3,5,-682.9300000000001,4,0,13,-774.27,2,1,4,-186.1,0
630626295.0,0,17,433.34999999999997,4,0,8,-197.66,4,0,10,-206.5,2,0,3,-47.5,0
631187989.0,0,43,24368.03,1,0,15,-401.86,0,0,18,-418.44,2,0,15,-469.53000000000003,2
631881921.0,11,4,-121.59,2,10,1,-37.47,1,8,2,-112.08000000000001,0,1,2,-92.74,0
632577945.0,0,21,19801.17,1,3,16,-1502.31,2,1,9,-927.82,2,2,15,-1381.4299999999998,3
632755021.0,0,19,727.98,4,0,9,-201.05,0,8,5,-198.32999999999998,0,4,5,-198.96,0
633094830.0,0,46,26301.2,1,0,20,-353.98,0,0,19,-339.23,2,0,32,-2207.13,3
633315674.0,0,34,14912.739999999998,1,0,7,-306.32000000000005,4,0,11,-1005.2099999999999,2,9,2,-116.37,1
634167952.0,0,31,11807.59,5,3,4,-209.79,4,2,4,-290.74,1,9,1,-16.75,1
638269490.0,0,17,-7130.88,4,1,16,-1678.32,2,10,1,-15.52,0,0,12,-1356.73,2
638508173.0,0,14,504.5,4,0,6,-263.04,4,0,12,-799.54,2,1,6,-324.76,0
641109482.0,0,33,-15147.18,0,0,10,-684.22,0,8,2,-110.56,0,1,6,-270.43,0
641303771.0,0,55,8033.13,5,0,16,-749.95,0,1,7,-419.96000000000004,1,3,7,-507.49,0
641846557.0,0,42,25418.61,1,0,11,-384.09,0,0,17,-515.9300000000001,2,0,19,-463.39,2
644570466.0,0,7,-239.34,4,7,1,-74.91,1,4,2,-100.32,5,1,2,-60.839999999999996,0
645636383.0,0,36,31248.46,1,0,10,-370.46000000000004,0,0,10,-318.27,2,0,12,-393.19,2
646268650.0,0,14,-210.57000000000005,4,1,2,-130.23000000000002,4,4,4,-191.07,5,2,4,-237.85,0
648531422.0,3,7,-398.94,3,6,3,-196.38,1,0,11,-1336.29,2,4,5,-365.49,0
648685081.0,0,14,-457.1,4,0,6,-268.44,4,2,9,-604.1,2,0,3,-97.52000000000001,0
649002949.0,0,10,-290.44,4,0,7,-131.88,4,0,22,-2890.07,3,0,7,-496.87,0
649895501.0,0,35,16977.26,1,0,6,-345.27,4,1,2,-83.55,1,1,5,-393.41,0
650034947.0,0,43,23273.6,1,0,15,-345.09,0,0,14,-347.93,2,0,18,-690.42,2
650917633.0,0,10,-401.31,4,0,14,-974.62,0,0,5,-121.28,1,0,8,-1151.93,2
651195724.0,0,34,25107.309999999998,1,1,3,-74.35,4,0,6,-245.77,1,0,7,-473.38,0
651515518.0,0,55,18940.19,5,0,8,-124.38,4,0,22,-2779.34,3,0,10,-1442.79,2
651594010.0,5,6,49.620000000000005,3,6,2,-99.25999999999999,1,3,2,-158.42,5,7,15,-1655.48,3
652147065.0,0,40,15810.03,5,0,11,-499.04,0,1,8,-297.02,1,0,13,-349.31,2
652856294.0,11,5,-108.55,2,5,2,-27.340000000000003,1,1,3,-135.11,1,4,1,-24.26,0
653253791.0,0,31,19518.78,1,0,18,-829.9,0,0,17,-855.4100000000001,2,0,11,-309.49,2
653261942.0,0,41,-10962.78,0,3,2,-69.33,4,6,1,-97.06,5,0,11,-923.99,2
654686503.0,0,35,36438.02,1,0,22,-383.82,0,0,16,-468.3,2,0,17,-350.99,2
655590815.0,0,38,6072.59,5,1,4,-399.72,4,0,3,-139.20999999999998,1,1,1,-44.98,0
655875079.0,3,7,-190.26,3,4,1,-80.36,4,3,3,-228.25,5,1,2,-102.66,0
658145110.0,0,32,10030.3,5,6,3,-91.95,1,1,11,-826.8,2,1,6,-437.97,0
659715918.0,0,20,-5791.9,0,2,8,-216.82,4,0,12,-354.49,2,2,10,-304.58,2
662631596.0,1,5,-95.42,4,7,2,-38.5,1,4,4,-1314.27,5,2,6,-185.01,0
663173760.0,0,33,-852.38,0,0,6,-139.29,4,0,10,-385.89,2,0,5,-238.13,0
663242837.0,0,20,-11059.49,0,7,4,-125.13,1,4,7,-347.12,5,0,16,-1935.41,3
663636368.0,0,19,-7080.3,0,0,10,-732.9,0,2,3,-36.45,1,1,5,-115.89,0
664800121.0,0,18,-6001.65,4,0,8,-353.21999999999997,4,0,8,-586.35,2,0,12,-332.23,2
666095424.0,0,5,-246.12,4,6,3,-246.46999999999997,1,11,1,-154.45,0,0,3,-171.55,0
666322536.0,0,13,-408.38,4,0,3,-64.82000000000001,4,1,9,-340.33,2,0,8,-228.32,0
668013613.0,0,25,-2322.3,0,1,15,4112.79,3,1,15,-1259.69,3,1,6,-309.17,0
668509682.0,0,36,-7156.99,0,0,15,-395.28999999999996,0,0,12,-512.1600000000001,2,0,11,-155.63,2
669171163.0,0,36,30385.02,1,0,9,-736.58,0,2,4,-55.67,1,0,5,-266.57,0
670993859.0,0,22,-3588.96,0,8,1,-45.63,1,6,3,-47.21,5,9,4,-145.48,1
672090909.0,0,41,13504.3,5,0,6,-317.65999999999997,4,0,11,-1309.1299999999999,2,1,2,-472.71000000000004,0
672503491.0,0,15,-384.94,4,0,19,-820.6899999999999,0,0,13,-387.12,2,0,19,-948.82,3
672527288.0,0,25,-6664.7300000000005,0,1,7,-277.95,4,1,6,-405.28,1,1,4,-187.92,0
672714995.0,0,26,21726.68,1,0,8,-182.49,4,0,8,-283.71999999999997,1,0,10,-440.44,2
673238810.0,0,46,20121.18,5,0,15,-374.85,0,0,21,-382.07,2,0,20,-623.33,2
674608984.0,0,16,-451.07,4,1,13,-747.68,0,0,19,-1689.6299999999999,3,0,9,-451.65,2
675080807.0,0,17,-317.33,4,0,13,-558.09,0,0,24,-1269.04,3,0,17,-947.75,2
675469409.0,0,37,15482.95,5,3,3,-109.1,4,3,4,1.259999999999991,5,5,5,-369.73,1
675923296.0,0,12,-249.19,4,3,4,-120.51,4,1,5,-359.45000000000005,1,2,15,-1485.48,3
676056571.0,1,17,-419.74,4,0,14,-603.12,0,0,11,-464.3,2,0,23,-1493.92,3
676253980.0,0,26,-8294.17,0,1,7,-288.09,4,1,6,-172.38,1,4,2,-35.94,0
678177539.0,0,21,-7248.28,0,0,7,-239.07999999999998,4,0,7,-275.62,1,1,3,-87.48,0
679881833.0,0,37,18023.45,1,1,23,-1227.33,2,8,3,-213.22,0,2,6,-512.61,0
680269090.0,0,18,-618.28,4,9,1,-95.74,1,1,2,-174.58,1,11,4,-384.92,1
680904354.0,0,41,19829.8,1,0,5,-456.19,4,0,5,-408.54999999999995,1,4,2,-129.05,0
681051581.0,0,55,10303.329999999998,5,3,9,-520.3,4,0,5,-268.59,1,3,10,-847.56,2
682415574.0,0,27,-8521.4,0,0,5,-317.41,4,1,4,-70.37,1,0,5,-173.71,0
685080944.0,0,23,-6128.89,0,0,8,-396.1,4,6,3,-341.5,5,0,9,-745.71,2
685847244.0,0,8,-255.44,4,2,3,-116.9,4,4,2,-60.0,5,3,2,-71.9,0
687517818.0,0,51,12968.349999999999,5,2,10,-670.16,0,0,8,-228.20999999999998,1,1,19,-2151.17,3
687942160.0,3,8,-214.76999999999998,3,0,17,-3013.04,2,0,6,-472.13,1,2,8,-601.35,2
688602452.0,0,14,-7493.15,4,4,3,1690.13,4,8,1,-103.12,0,2,3,-333.47,0
689352974.0,0,36,25023.34,1,0,11,-600.24,0,0,5,-127.04,1,0,18,-935.33,2
689472634.0,0,28,32759.25,1,0,6,-6014.5599999999995,5,0,8,-789.4300000000001,2,0,6,-2347.43,3
690218272.0,0,36,-7219.66,0,0,5,-239.3,4,1,5,-236.94,1,0,7,-433.55,0
690660436.0,1,18,-1028.78,4,1,12,-668.02,0,2,6,-271.42,1,0,13,-921.88,2
690984847.0,0,24,16641.62,1,1,7,-447.56,4,1,4,-157.73,1,2,5,-217.8,0
691412221.0,0,21,-13969.99,0,0,8,-382.01,4,0,4,-194.02,1,1,2,-96.06,0
691709877.0,0,57,-1992.02,5,0,6,-388.47,4,10,1,-62.99,0,0,6,-614.56,0
691894546.0,0,38,23578.93,1,1,9,-386.74,0,0,10,-220.35,2,0,5,-491.61,0
692098867.0,0,35,26581.41,1,0,19,-402.11,0,0,19,-460.96,2,0,23,-1065.62,3
692540609.0,0,14,-796.37,4,2,7,-420.29999999999995,4,1,8,-533.65,2,3,7,-121.88,0
692647797.0,0,40,-5387.2,0,0,10,-743.8,0,9,4,-287.53,0,3,3,-124.96000000000001,0
692919245.0,0,38,23477.600000000002,1,0,9,-324.14,0,0,10,-478.59999999999997,2,0,11,-524.3199999999999,2
693667128.0,0,46,11223.64,5,2,4,-176.74,4,0,3,-241.96,1,5,3,-112.98,1
694285822.0,0,35,23428.440000000002,1,1,3,-611.98,4,4,1,-119.98,5,0,3,-1093.71,0
697667777.0,0,31,19891.91,1,4,6,-121.66000000000001,4,0,5,-253.82,1,2,16,-1444.15,3
699722934.0,1,10,-2855.88,4,2,4,-181.08,4,4,2,-125.97,5,1,3,-69.96,0
701627510.0,0,37,2141.2200000000003,5,0,4,-140.21,4,3,2,-85.15,5,2,5,-370.4,0
702062068.0,0,36,-6112.47,0,0,14,-179.01,0,0,21,-478.6,2,0,12,-190.42,2
702926299.0,3,7,-124.16,3,2,3,-80.47,4,1,1,-29.37,1,8,2,-110.01,1
703250304.0,0,33,-7740.21,0,1,25,-2218.21,2,1,2,-192.82999999999998,1,0,4,-140.71,0
703535881.0,0,8,-276.99,4,2,2,-323.38,4,4,10,-980.24,2,1,4,-389.0,0
703723732.0,0,6,-372.64,4,11,7,-215.31,1,8,2,-153.95000000000002,0,10,1,-24.97,1
704770024.0,2,30,-1128.71,0,10,2,-111.07000000000001,1,2,16,-2333.29,3,9,2,-24.43,1
705519819.0,2,33,-852.14,0,6,14,-2016.7,2,4,5,-64.95,5,3,7,-821.4,0
706632676.0,0,27,-388.49,0,6,2,-211.95999999999998,1,4,11,-1132.5,2,4,7,-731.29,0
707196419.0,2,16,-1230.34,4,0,4,-295.02,4,10,1,-9.99,0,8,2,-119.25999999999999,1
708408130.0,0,11,-301.02,4,0,6,-243.15,4,2,5,-83.86,1,1,11,-639.72,2
708441243.0,1,4,-98.19,4,0,2,-115.91,4,1,5,-210.65,1,1,5,-455.28,0
709736026.0,1,28,-433.09,0,7,4,-369.91999999999996,1,4,3,-145.88,5,10,1,-31.15,1
710042126.0,0,42,29642.6,1,0,19,-728.94,0,0,18,-720.1,2,0,15,-578.8299999999999,2
710730502.0,0,22,-556.39,4,0,15,-1244.42,0,0,23,-1713.33,3,0,12,-279.84,2
711925432.0,0,17,482.83,4,0,14,-360.03,0,0,8,-239.66,1,0,14,-424.65000000000003,2
712088840.0,4,16,206.60999999999999,3,0,4,-203.2,4,3,2,-109.32000000000001,5,0,3,-222.31,0
714074171.0,0,32,32931.659999999996,1,0,9,-283.69,0,0,11,-435.09999999999997,2,0,9,-322.67,2
714095860.0,0,32,-6867.22,0,0,7,-358.53999999999996,4,1,3,-163.3,1,0,9,-841.61,2
715705403.0,0,38,12121.99,5,4,5,-132.63,4,4,11,-702.79,2,1,15,-757.5,2
717503234.0,0,23,-5859.92,0,1,6,-230.91,4,4,5,-204.34,5,1,6,-309.18,0
718514414.0,0,7,-479.52,4,1,7,-359.53000000000003,4,2,7,-532.5,1,0,5,-177.39,0
719185799.0,0,26,18040.09,1,0,6,-414.01,4,0,16,-1369.25,3,0,8,-292.66,2
720803476.0,0,42,25745.36,1,0,6,-221.82,4,1,8,-319.74,1,0,8,-400.1,2
721583573.0,3,8,-183.53,3,1,3,-151.37,4,0,5,-793.82,1,10,1,-39.83,1
722099553.0,5,8,-339.81,3,2,10,-314.71,0,10,2,-26.259999999999998,0,1,7,-310.55,0
722223895.0,0,22,19855.29,1,0,19,-1478.8600000000001,2,0,10,-349.61,2,0,15,-459.32,2
723201955.0,0,22,-16865.08,0,1,5,-63.15,4,2,6,-118.02,1,4,2,-62.14,0
724400109.0,0,58,11706.48,5,0,15,-1143.67,0,8,9,-874.16,0,11,1,-11.55,1
724795086.0,0,29,-9807.98,0,5,13,-446.54,0,1,6,-396.38,1,4,4,-163.7,0
725614425.0,0,32,25042.85,1,1,3,-302.66999999999996,4,2,4,-332.24,1,0,6,-365.16,0
726302171.0,0,33,9166.08,5,1,6,-248.65,4,5,3,-214.21,5,3,2,-156.33,0
726347095.0,0,24,-7751.15,0,1,6,-248.22,4,0,8,-915.65,2,0,8,-347.46,2
729165779.0,0,31,-9875.25,0,0,17,-559.2,0,0,15,-572.44,2,0,12,-448.01000000000005,2
732968226.0,0,20,-7080.57,0,1,3,-116.88,4,1,7,-308.59000000000003,1,1,10,-1129.46,2
733071806.0,0,35,17713.27,1,6,10,-655.4300000000001,1,6,6,-155.79999999999998,5,1,7,-387.94,0
733319117.0,0,35,21760.870000000003,1,0,12,-581.4,0,0,8,-186.75,1,0,15,-605.09,2
734605178.0,0,20,-2086.68,4,7,2,-82.09,1,0,3,-77.78,1,0,2,-102.5,0
734680231.0,0,37,19526.06,1,2,5,-285.40999999999997,4,3,9,-953.67,2,11,2,-92.94,1
735559105.0,0,42,-860.45,5,2,7,-516.74,4,0,11,-1080.4199999999998,2,7,3,-129.66,1
736069429.0,2,7,610.3599999999999,3,1,6,-303.15,4,10,5,537.14,0,2,7,975.08,0
736619550.0,0,28,19988.85,1,0,4,-128.68,4,1,3,-93.57,1,0,24,-2830.7,3
737232390.0,0,37,19309.42,1,1,3,-83.86,4,0,9,-518.71,2,0,5,-290.35,0
740348731.0,0,32,-6654.26,0,1,13,-363.71,0,0,19,-940.45,3,0,11,-268.21,2
740666748.0,0,40,23388.01,1,0,10,-352.63,0,0,10,-328.92,2,0,11,-352.40999999999997,2
740923060.0,11,6,-150.85,2,10,2,-149.5,1,11,5,-742.6,0,2,3,-164.32,0
744100127.0,0,37,17401.89,1,2,7,-311.31,4,2,16,-1370.8999999999999,3,0,7,-322.29,0
745642091.0,0,28,-8081.81,0,0,11,-332.03,0,1,23,-1530.8899999999999,3,0,8,-203.91,0
746282817.0,0,28,18504.28,1,1,7,-336.81,4,0,3,-137.22,1,0,5,-157.87,0
747064579.0,0,29,26132.41,1,5,21,-1674.41,2,1,4,-373.25,1,1,2,-212.88,0
747678205.0,0,50,13619.369999999999,5,0,11,-682.56,0,1,13,-1071.91,2,3,9,-254.38,0
747719815.0,0,25,-6487.89,0,2,2,-45.92,4,1,5,-210.35,1,7,2,-75.37,1
749078858.0,1,24,-1149.69,0,1,3,-85.38999999999999,4,4,22,-1113.6,3,1,24,-1031.65,3
751045501.0,0,25,19955.88,1,0,12,-631.84,0,1,15,-1020.65,2,0,16,-1006.55,2
751596966.0,0,46,11019.8,5,7,4,-61.42,1,7,4,-341.73999999999995,0,3,3,-651.45,0
752656158.0,0,19,-6977.25,0,0,10,-441.22,0,0,6,-275.93,1,1,14,-1463.87,3
753100921.0,0,33,-13582.84,0,4,4,-607.33,4,2,3,-182.07,1,1,5,-478.09,0
753308274.0,0,36,10784.36,5,1,5,-189.99,4,0,2,-110.78,1,4,3,-198.32,0
754693414.0,3,20,-1181.6,3,0,10,-592.22,0,1,11,-511.56,2,3,5,-145.41,0
758150141.0,1,16,667.45,4,3,5,-137.44,4,4,6,-229.46,5,5,2,-150.94,1
759252842.0,0,20,-6026.57,0,0,2,-93.63,4,8,1,-82.77,0,1,3,1315.97,0
759616295.0,0,27,23804.96,1,0,19,-1126.78,2,0,22,-947.64,3,1,12,-685.1899999999999,2
759924996.0,0,31,-537.36,0,2,4,-143.17,4,2,8,436.93999999999994,1,0,6,-272.23,0
760187031.0,0,31,-6872.83,0,0,12,-388.78,0,0,14,-466.43,2,0,15,-542.64,2
760833079.0,0,35,12722.4,5,0,12,-342.3,0,1,12,-1191.88,2,0,12,-807.29,2
760855460.0,0,33,8346.61,5,2,5,-138.33,4,2,5,-214.54999999999998,1,1,6,-305.4,0
761114593.0,0,40,25145.6,1,0,16,-337.77,0,0,15,-228.77,2,0,14,-280.12,2
761247453.0,0,40,12273.43,5,2,7,-651.7,4,9,3,-248.24,0,0,4,-187.67,0
761253377.0,3,4,-71.66,3,11,1,-16.96,1,0,4,-133.31,1,4,1,-21.06,0
762666047.0,0,20,-10920.36,0,1,3,557.14,4,5,3,-220.09,5,3,2,-148.34,0
763247953.0,0,34,-6109.21,0,0,23,-1608.7,2,0,12,-239.21,2,0,26,-2130.18,3
764439033.0,0,39,16936.74,1,1,13,-354.46000000000004,0,0,13,-253.98,2,0,15,-301.62,2
766006732.0,0,13,-493.01,4,1,6,-359.72,4,11,1,-49.9,0,2,3,-295.40999999999997,0
766813982.0,0,23,16238.43,1,8,2,-35.29,1,3,3,-262.11,5,9,2,-231.0,1
767598029.0,0,25,-8651.28,0,0,5,-88.12,4,0,13,-599.0,2,0,12,-243.58,2
767627249.0,10,13,-927.56,2,10,2,-119.97999999999999,1,4,2,-46.31,5,11,1,-30.96,1
768500196.0,1,9,314.05,4,0,19,-1435.23,2,0,5,-216.31,1,10,1,-100.36,1
769233997.0,0,35,13949.86,5,0,7,-251.81,4,0,6,-261.25,1,0,12,-527.35,2
770212067.0,0,18,-1595.1,4,8,1,-288.01,1,9,1,-34.25,0,2,26,-3211.39,3
771135426.0,0,29,-9974.07,0,0,22,-1817.93,2,1,5,-366.88000000000005,1,0,11,-1209.71,2
771779383.0,0,19,-5659.88,0,0,5,1220.02,4,0,2,-56.91,1,6,2,-47.970000000000006,1
772772049.0,0,27,-7004.67,0,1,7,-357.44,4,0,18,-1475.71,3,0,11,-1894.22,3
773503958.0,0,34,28761.83,1,3,8,-217.19,4,1,8,-64.08,1,0,6,-37.35,0
775012325.0,0,34,15531.05,1,0,12,-1806.06,2,1,4,-272.71000000000004,1,6,5,-157.58,1
775182841.0,6,6,37.300000000000004,3,0,4,-388.27,4,5,1,-87.21,5,6,2,-231.37,1
775394167.0,0,21,-89.67999999999999,4,0,9,-218.77,0,0,13,-582.3299999999999,2,0,9,-393.72,2
776899595.0,0,34,10076.65,5,0,3,-105.44,4,0,9,-535.83,2,1,3,-136.29,0
776957785.0,0,44,10610.18,5,0,12,-712.37,0,0,16,-834.33,2,0,12,-540.54,2
777408491.0,0,21,-1029.69,4,0,23,-914.4300000000001,2,0,15,-236.66,2,0,20,-376.93,2
779378159.0,5,4,1287.03,3,3,2,-245.32,4,5,3,-144.46,5,1,2,-219.63,0
779575942.0,0,36,13018.98,5,2,8,-577.8299999999999,4,0,5,-755.41,1,2,18,-1900.27,3
780978664.0,0,51,13038.2,5,0,8,-353.88,4,0,9,-326.72,2,3,5,-273.5,0
781040322.0,0,40,18525.32,1,2,10,-226.05,0,0,10,-132.11,2,0,12,-297.86,2
781197920.0,2,13,463.93,4,0,10,-293.02,0,0,7,-412.04,1,6,4,-93.83,1
781854387.0,0,24,-10373.15,0,0,6,-447.47999999999996,4,0,17,-1609.45,3,0,9,-295.59000000000003,2
781863501.0,0,26,-8371.33,0,0,5,-105.89,4,4,4,-247.68,5,2,6,-378.15999999999997,0
783081602.0,0,10,1342.61,4,1,2,-69.21000000000001,4,0,3,-166.26,1,2,3,-235.0,0
785082286.0,0,33,10524.72,5,3,2,-130.16,4,2,3,-167.47,1,10,1,-12.99,1
785934074.0,0,19,-10907.79,0,2,2,-85.19,4,7,4,-334.13,0,5,2,-136.03,1
786158466.0,2,6,-90.95,3,7,1,-45.38,1,5,3,-151.08,5,0,3,-108.56,0
786514302.0,0,31,3617.62,5,1,4,-330.6,4,0,1,-43.84,1,7,1,-69.79,1
789732435.0,0,42,-13714.45,0,5,4,-125.52000000000001,1,4,3,-70.00999999999999,5,9,2,-83.21000000000001,1
790253866.0,11,8,-73.15,2,5,5,-419.99,1,1,5,-291.61,1,0,3,-145.13,0
791021644.0,0,32,-11788.82,0,0,10,-334.29,0,0,11,-776.68,2,0,7,-291.36,0
791770627.0,0,23,-8216.24,0,6,4,-76.97,1,0,5,-273.27,1,0,9,-799.96,2
792878998.0,0,10,-244.91,4,0,4,-116.65,4,0,11,-350.47,2,0,17,-1984.3500000000001,3
793069740.0,0,32,23662.46,1,0,10,-427.37,0,1,3,-91.75999999999999,1,2,3,-137.91,0
796830369.0,0,27,-536.79,0,2,23,-2052.68,2,3,7,-137.16,5,0,22,-1546.95,3
799681463.0,0,6,-102.15,4,1,1,-39.5,4,11,1,-61.97,0,3,1,-37.75,0
800434780.0,0,30,17645.32,1,4,2,-173.95,4,7,2,-61.45,0,7,4,-253.21,1
800671305.0,0,18,-9089.18,0,1,5,-243.59,4,4,7,-475.47999999999996,5,0,10,-445.63,2
801576534.0,0,25,23704.48,1,0,9,-304.48,0,1,17,-1402.29,3,7,14,-2457.44,3
801635676.0,0,7,-483.74,4,0,7,-1092.9,0,5,6,-2598.48,3,1,4,-411.6,0
802155673.0,0,36,26911.24,1,0,10,-544.91,0,0,6,-215.93,1,0,17,-1549.75,3
802375673.0,0,37,5848.9,5,7,6,-284.91,1,0,14,-1067.01,2,4,3,-124.48,0
802601601.0,1,15,-638.72,4,0,5,-180.51,4,1,9,-427.08000000000004,2,1,6,-257.69,0
804017769.0,0,26,-11117.83,0,0,18,-749.18,0,0,16,-368.03,2,0,12,-219.5,2
804895305.0,0,37,-10846.15,0,0,2,-78.33999999999999,4,3,15,-1250.32,3,3,3,-172.25,0
805450086.0,4,8,-324.39,3,11,2,-131.53,1,3,3,-121.93,5,7,1,-18.09,1
805651493.0,0,24,-15795.24,0,0,11,-1990.2799999999997,2,1,5,-98.8,1,0,6,289.58,0
805819312.0,0,22,-14118.61,0,5,3,-66.42999999999999,1,1,1,-16.17,1,0,3,-59.519999999999996,0
806158699.0,0,28,-7385.43,0,1,8,-329.76,4,0,8,-484.49,2,0,5,-179.07999999999998,0
806265527.0,0,47,17197.41,5,0,17,-829.45,0,0,20,-1244.38,3,0,20,-845.46,3
807503504.0,0,23,-9669.3,0,0,4,-281.34999999999997,4,0,10,-381.01,2,0,15,-563.9,2
807663317.0,3,9,-426.05,3,1,6,-507.29,4,5,4,-306.19,5,7,1,-136.7,1
807900888.0,9,4,-145.37,2,0,5,-530.73,4,1,5,-284.6,1,0,4,-442.39000000000004,0
809234749.0,0,31,10352.669999999998,5,1,6,-245.43,4,4,1,-9.99,5,0,2,-103.89,0
810581829.0,0,26,-7416.76,0,0,9,-351.16,0,0,5,-277.86,1,1,4,-252.86,0
810645922.0,10,4,-167.91,2,2,15,-1999.81,2,3,2,-235.06,5,0,18,-1830.44,3
810766016.0,0,19,-6481.2,0,5,4,-215.76,1,3,4,-128.18,5,7,4,-180.25,1
810938283.0,0,13,-538.59,4,0,14,-920.76,0,1,7,-234.97,1,0,14,-1330.3799999999999,2
811639289.0,0,50,12663.06,5,0,37,-2910.93,2,7,6,-342.04,5,0,8,-226.08,0
812626271.0,0,17,-5849.95,4,2,3,-367.1,4,0,5,-303.83000000000004,1,2,2,-149.99,0
813023859.0,0,30,19177.66,1,0,11,-214.76999999999998,0,0,16,-1349.24,3,0,9,-324.45,2
813053727.0,11,8,-410.74,2,4,3,-59.040000000000006,4,10,2,-79.98,0,4,2,-86.13,0
813633136.0,4,3,-73.41,3,1,4,-1189.97,4,2,1,-45.1,1,0,3,-62.63,0
814376547.0,0,20,-6878.06,0,1,3,-109.32000000000001,4,0,9,-389.11,2,1,6,-229.5,0
814404385.0,0,46,15813.08,5,1,7,-282.88,4,1,12,-771.97,2,1,4,-195.95000000000002,0
814947941.0,1,11,-296.56,4,0,20,-2720.61,2,0,5,-325.31,1,1,18,-2145.2,3
816185061.0,0,23,-10511.98,0,0,10,-308.79,0,0,14,-466.32,2,0,8,-256.52,0
816734070.0,0,31,-9692.97,0,0,4,-247.59,4,0,3,-295.24,1,1,17,-2026.35,3
817100146.0,0,21,179.63,4,0,7,-147.34,4,1,14,-819.19,2,0,13,-251.64000000000001,2
817681772.0,1,46,-1248.33,5,1,14,-1302.53,0,9,3,-300.19,0,10,1,-19.99,1
819148176.0,0,52,10792.99,5,0,9,-494.87,0,4,2,-118.68,5,8,4,-258.65999999999997,1
819158508.0,0,27,-7544.6,0,0,12,-444.65,0,0,9,12809.46,4,0,9,-188.61,2
820891109.0,4,7,-207.43,3,8,4,-564.34,1,0,5,-523.2,1,9,1,-270.36,1
821085860.0,0,34,-8098.9400000000005,0,3,7,-168.15,4,1,15,-1410.76,3,3,4,-217.31,0
821273718.0,0,21,-12869.06,0,0,3,-118.57,4,3,4,-169.21,5,1,2,-234.51,0
821937867.0,11,5,-139.21,2,0,5,-85.96,4,7,3,-385.79,0,4,1,-164.95,0
822803172.0,0,43,10224.779999999999,5,1,23,-1234.26,2,3,6,-341.93,5,1,5,-356.91,0
823289985.0,0,27,19826.31,1,0,15,-455.37,0,0,21,-947.96,3,0,28,-2288.5,3
823403038.0,0,34,8241.72,5,11,2,-11.3,1,7,1,-35.42,0,11,1,-139.25,1
823877903.0,3,13,-739.27,3,0,26,-1565.49,2,3,1,-102.64,5,0,17,-967.31,2
824793161.0,0,39,23197.81,1,3,7,-358.35,4,5,5,-1383.22,5,0,5,-588.42,0
827116807.0,0,33,17962.99,1,0,4,-21.49,4,1,6,-125.46,1,0,10,-918.4,2
827600849.0,0,48,10649.13,5,0,14,-372.01,0,0,6,-366.15999999999997,1,0,12,-829.08,2
827843527.0,0,26,-6956.8,0,1,9,-925.12,0,3,2,-151.62,5,10,2,-31.979999999999997,1
829891994.0,0,41,6024.85,5,0,19,-2055.96,2,9,1,-156.91,0,0,6,-581.35,0
829906314.0,0,47,-1513.88,5,1,29,-2274.77,2,6,6,-568.87,5,4,2,-274.95,0
830098871.0,0,34,-11530.22,0,2,8,-583.62,4,1,16,-1018.32,2,0,8,-312.55,2
831162916.0,0,42,4473.15,5,0,8,-134.46,4,1,5,-310.34000000000003,1,0,5,-512.56,0
833173474.0,0,36,21461.61,1,0,5,-181.28,4,0,4,-54.97,1,3,6,-204.7,0
833266559.0,2,9,-343.09999999999997,3,4,10,-2425.2200000000003,2,0,3,-195.35,1,1,9,-629.59,2
834728968.0,1,17,-81.64000000000001,4,1,11,-1148.86,0,11,1,-149.97,0,4,13,-957.76,2
835778933.0,0,20,-6780.12,0,1,5,-157.04,4,0,3,-91.95,1,7,1,-14.98,1
835959029.0,0,33,14053.130000000001,1,0,5,-60.11,4,9,5,-244.62,0,0,6,-154.59,0
836937885.0,4,7,-93.47,3,1,2,-78.44,4,11,1,-51.98,0,0,3,-201.35999999999999,0
837307143.0,0,16,-587.55,4,0,14,-8994.849999999999,5,0,10,-325.24,2,0,26,-1738.68,3
837887043.0,0,37,-12104.59,0,0,13,-374.01,0,0,19,-390.01,2,0,16,-456.1,2
838207405.0,0,43,12364.48,5,0,10,-374.90000000000003,0,2,8,-872.29,2,2,9,-531.86,2
838259778.0,0,44,24491.89,1,0,14,-532.55,0,0,11,-479.71000000000004,2,0,12,-289.99,2
839964633.0,0,44,21153.53,1,0,11,-329.97,0,0,21,-1949.85,3,0,15,-731.35,2
840211125.0,0,23,-16955.77,0,3,4,-47.59,4,0,4,-81.3,1,3,4,-79.36,0
840446641.0,0,33,7981.86,5,2,3,-86.96000000000001,4,8,1,-121.81,0,1,4,-263.87,0
841124932.0,5,8,-389.71999999999997,3,0,19,-1155.79,2,0,7,-230.36,1,5,9,-557.26,0
842433412.0,0,18,-10315.37,0,9,1,-35.0,1,4,3,-179.97000000000003,5,2,3,-248.67,0
843079604.0,0,23,45.54000000000003,4,2,3,-174.45,4,2,4,-50.92,1,0,14,-799.96,2
843604391.0,11,3,-31.28,2,11,1,-18.92,1,1,2,-46.42,1,9,1,-4.32,1
846060772.0,0,31,23401.75,1,0,8,-440.27,4,0,8,-283.27000000000004,1,0,6,-324.94,0
846243641.0,3,8,-231.75,3,2,6,-207.19,4,0,2,-25.939999999999998,1,1,1,-6.59,0
849210127.0,0,28,-10732.56,0,0,13,-337.9,0,0,9,-295.71999999999997,2,0,21,-1244.37,3
849821756.0,0,32,18633.76,1,1,9,-2203.77,2,0,5,-442.67999999999995,1,2,5,-2332.22,3
850988316.0,0,27,-473.39,0,0,9,-799.09,0,8,13,-2062.16,3,1,12,-2030.18,3
852404324.0,2,10,-217.25,3,8,1,-42.05,1,1,5,-41.18,1,0,3,-91.4,0
852728869.0,0,10,-119.10000000000001,4,0,16,-1450.06,2,0,2,-167.89,1,2,4,-351.12,0
853290175.0,0,11,-236.89,4,1,3,552.92,4,1,4,-129.42000000000002,1,1,4,-246.19,0
854683795.0,0,19,-6886.62,0,0,4,-225.45,4,3,2,-105.99000000000001,5,1,6,-349.69,0
854800350.0,2,15,-1790.9,4,0,9,-263.98,0,0,9,-322.3,2,0,8,-1450.26,2
854825133.0,0,12,-1094.41,4,5,6,-242.61,1,1,5,-176.13,1,5,2,-151.38,1
855774662.0,0,36,21585.73,1,1,8,-382.41,4,2,8,-270.52,1,2,4,-317.9,0
855948313.0,0,27,-5953.44,0,0,10,-288.77,0,0,9,-375.81,2,1,4,-343.03999999999996,0
859554263.0,7,9,-299.96000000000004,2,9,1,-194.73,1,10,5,-262.08,0,2,3,-605.4300000000001,0
860843460.0,0,42,13089.35,5,1,12,-549.96,0,0,6,-364.71000000000004,1,3,8,-254.03,0
861049950.0,0,48,6015.43,5,0,13,-475.06,0,2,5,-108.08000000000001,1,3,11,-580.57,2
862172352.0,0,16,-329.25,4,0,7,-266.85,4,0,13,-426.44,2,0,9,-185.71,2
863367862.0,0,32,27268.56,1,1,8,-3270.09,2,5,8,-2525.4700000000003,3,0,9,-533.08,2
863592835.0,0,39,12933.56,5,0,10,-320.95,0,0,11,-294.61,2,0,14,-415.53,2
863827085.0,3,9,-336.85,3,5,1,-70.98,1,7,1,-28.87,0,3,3,-104.89,0
869211430.0,3,6,-344.64,3,7,3,2841.65,3,5,12,789.91,5,0,4,-179.68,0
869241711.0,0,24,17066.36,1,1,5,-233.67000000000002,4,0,7,-404.89,1,0,5,-114.14,0
869274152.0,0,52,11113.67,5,0,13,-373.05,0,0,8,-164.32999999999998,1,1,13,-584.15,2
869979958.0,1,8,183.8,4,8,1,-64.2,1,5,2,-187.97000000000003,5,6,4,207.98,1
870763317.0,0,22,-8853.38,0,0,4,-243.99,4,1,8,-499.22,2,0,3,-170.29000000000002,0
871548824.0,1,16,98.26,4,2,12,-872.63,0,2,4,-207.04,1,2,6,344.01,0
871592713.0,1,20,-1319.82,4,0,21,-2564.97,2,0,10,-544.6700000000001,2,0,11,-586.07,2
871803650.0,0,40,14213.21,5,0,7,-229.0,4,0,10,-208.29,2,0,14,-730.99,2
873371936.0,0,37,25593.54,1,0,11,-2087.89,2,0,7,-693.29,2,4,9,-4248.2699999999995,4
873394619.0,10,5,-158.83,2,3,2,-101.72,4,5,2,-233.20000000000002,5,11,1,-5.9,1
874106363.0,1,7,-428.78,4,6,3,-169.73000000000002,1,0,5,-92.61,1,1,3,-127.44999999999999,0
875552922.0,0,25,-9098.48,0,0,11,-250.44,0,0,15,-910.8100000000001,2,0,12,-312.9,2
875678398.0,2,19,1518.45,4,11,6,-33.85,1,7,10,-1283.1,5,0,11,276.16999999999996,2
877919607.0,0,28,6005.6900000000005,5,5,2,-199.65,1,11,1,-26.48,0,2,14,-1178.71,2
878836763.0,0,52,10421.58,5,0,14,-647.93,0,1,10,-708.37,2,0,6,-385.22,0
879238971.0,0,34,12189.4,5,0,10,-324.38,0,0,3,-75.43,1,0,2,-220.81,0
879618727.0,0,45,13450.3,5,1,14,-676.55,0,0,22,-792.5699999999999,3,0,15,-595.07,2
880468033.0,1,7,-270.67,4,1,8,-634.11,4,6,7,-306.26,5,3,6,-242.03,0
880485445.0,1,17,-686.33,4,0,11,-635.49,0,0,16,-685.37,2,0,5,-146.52,0
881622222.0,0,25,-6970.06,0,4,4,-184.49,4,1,2,-135.75,1,0,9,-847.91,2
882044657.0,1,11,286.71000000000004,4,1,7,550.88,4,1,4,-336.69,1,1,5,467.73999999999995,0
882836472.0,0,4,-84.27,4,8,6,-686.1800000000001,1,1,11,-2347.63,3,1,1,-38.05,0
887557579.0,0,38,18018.69,1,0,27,-2094.07,2,0,11,-446.63,2,0,14,-688.78,2
887967131.0,0,19,-11057.42,0,7,6,-176.14000000000001,1,0,2,-169.01,1,5,1,-48.64,1
888452243.0,0,29,19097.71,1,0,10,-356.43,0,0,8,-234.67,1,0,8,-183.9,0
890726241.0,0,28,-8272.49,0,1,3,-227.98,4,0,4,-197.8,1,9,2,-116.44,1
891173928.0,0,32,35953.46,1,0,26,-3655.09,2,0,11,-564.78,2,0,6,-131.21,0
891188218.0,1,30,688.9100000000001,0,1,11,-1016.86,0,1,29,-3756.71,3,6,2,-196.6,1
891229151.0,2,9,-446.17,3,0,28,-2915.02,2,0,1,-31.96,1,3,1,-60.59,0
891467297.0,0,23,-9180.35,0,0,8,-132.15,4,0,13,-427.97,2,0,12,-450.17,2
891740453.0,4,10,-370.82,3,0,4,-361.91,4,4,4,-287.72,5,1,7,-543.21,0
891752640.0,0,34,-13074.82,0,0,3,-120.13999999999999,4,1,4,-279.8,1,6,2,-59.199999999999996,1
893309067.0,0,23,-10033.57,0,1,12,-412.69,0,0,11,-320.92,2,0,9,-236.37,2
893525586.0,0,22,-11336.63,0,6,2,-51.31,1,0,1,-15.59,1,4,1,-12.64,0
893687167.0,0,23,-7056.48,0,1,8,-313.4,4,4,7,-420.22,5,0,9,-383.61,2
893840914.0,0,39,-16656.28,0,7,1,-29.12,1,6,1,-50.93,5,5,9,-1003.9,2
894408023.0,0,37,20528.3,1,4,11,-985.87,0,0,5,-202.07999999999998,1,1,9,-323.59000000000003,2
894948272.0,0,29,30914.56,1,0,40,-4554.51,2,7,4,-132.66000000000003,0,0,6,-157.89,0
897349695.0,3,8,-130.23000000000002,3,7,4,-247.94,1,0,3,-81.88,1,5,4,-394.34000000000003,1
899766977.0,10,3,-71.97,2,6,9,-942.4,1,9,2,-179.8,0,3,10,-1717.98,3
901157835.0,0,38,-10414.23,0,5,4,-328.36,1,3,4,-98.97999999999999,5,1,3,-959.47,0
902316336.0,0,46,9482.73,5,0,9,-437.08,0,1,8,-246.22,1,0,8,-290.65999999999997,2
902562472.0,6,4,-166.10999999999999,3,0,4,-165.31,4,0,3,-67.86,1,6,3,-79.83000000000001,1
904869298.0,0,43,21486.45,1,0,22,-420.96,0,0,17,-455.71000000000004,2,0,21,-510.53000000000003,2
904893437.0,0,23,-12315.45,0,0,3,-50.89,4,2,5,-134.98,1,0,6,-135.59,0
905298675.0,0,45,28586.18,1,1,4,-2216.49,4,5,4,-1831.6699999999998,5,0,7,-5022.51,4
905406126.0,10,16,-537.4,2,8,1,-93.43,1,2,1,-19.17,1,6,1,-37.43,1
905425866.0,1,12,-2006.23,4,1,8,-311.59000000000003,4,0,14,-1303.24,2,1,10,-9138.82,4
905973838.0,0,23,-4580.54,0,1,5,-669.88,4,8,2,-147.88,0,10,11,-1878.43,1
907706656.0,0,22,19826.21,1,2,21,-1764.6,2,1,3,-2205.19,2,0,6,-444.93,0
909583105.0,0,30,-9574.0,0,0,4,-256.07,4,0,7,-533.2,1,1,4,-266.19,0
910128103.0,0,25,-755.3499999999999,0,1,3,-390.46000000000004,4,0,9,-1241.12,2,6,2,-100.56,1
910433071.0,4,3,-66.78,3,7,1,-96.64,1,1,2,-46.7,1,4,1,-55.77,0
911650311.0,0,29,19820.67,1,1,4,-75.34,4,0,10,-360.95,2,0,7,-132.56,0
911709365.0,0,17,-431.72,4,0,9,-369.95,0,0,10,-500.90000000000003,2,0,14,-1273.63,2
914534742.0,11,8,249.05,2,3,4,-302.42,4,0,2,-65.71,1,3,2,-79.36,0
916966616.0,0,27,-6922.22,0,1,7,-489.7,4,0,4,-70.07000000000001,1,0,17,-2223.24,3
917021497.0,0,17,-2759.34,4,9,2,-35.53,1,1,6,-243.67000000000002,1,4,6,-1186.91,0
918208255.0,0,28,-10105.17,0,0,11,-695.14,0,2,3,-188.68,1,0,7,-1106.72,2
919363674.0,0,9,-1543.98,4,0,6,-218.89,4,1,11,-1270.02,2,0,4,-696.0,0
922218750.0,0,18,-10258.85,0,1,5,-203.96,4,4,2,-53.019999999999996,5,7,1,-28.0,1
922692378.0,0,41,21636.930000000004,1,0,18,-310.92,0,0,16,-442.65,2,0,22,-929.75,3
923368561.0,0,48,11034.27,5,0,8,-433.46000000000004,4,0,8,-393.89,1,0,7,-768.97,2
924174153.0,4,12,-622.2,3,3,5,-525.5,4,2,11,-1333.42,2,1,3,-121.95,0
924379054.0,0,21,-7015.34,0,0,7,-325.31,4,3,3,-272.53999999999996,5,0,4,-276.59000000000003,0
924472758.0,0,23,-8026.36,0,0,7,-534.12,4,2,2,-204.29999999999998,1,5,1,-74.99,1
926760879.0,9,15,-944.51,2,7,7,-512.28,1,8,2,553.58,0,11,1,-108.97,1
927808355.0,0,38,12984.72,5,0,7,-255.14000000000001,4,0,10,-1577.81,2,0,7,-645.0,2
930019198.0,0,48,10126.09,5,0,10,-267.76,0,1,4,-213.32,1,8,4,-123.94999999999999,1
930201193.0,0,19,-612.38,4,0,14,-269.76,0,0,16,-359.41,2,0,15,-252.84,2
930228165.0,0,31,-6482.8,0,0,28,-1724.3,2,0,14,-307.18,2,0,14,-519.85,2
932409619.0,0,23,-13457.05,0,1,4,-189.24,4,2,3,-166.60999999999999,1,1,3,-196.29000000000002,0
933460563.0,0,36,16538.33,1,0,8,-1143.13,0,1,10,-1695.1,3,1,4,-218.07,0
934288742.0,0,23,-13493.04,0,0,4,-152.32999999999998,4,0,6,-138.0,1,0,13,-1430.06,2
935323345.0,0,22,-8149.6,0,0,7,-196.11,4,0,13,-531.7,2,0,9,-243.67000000000002,2
935957681.0,0,21,-8534.13,0,0,4,-233.91,4,1,9,-894.34,2,0,2,-156.60000000000002,0
936741679.0,0,21,-6024.18,0,6,3,-147.68,1,1,5,-281.71000000000004,1,2,2,-85.03,0
937850922.0,1,46,-1094.27,5,1,14,-1956.81,2,1,7,-463.12,1,4,4,-181.01,0
938268011.0,0,24,-8514.94,0,8,2,-235.93,1,1,4,-64.2,1,2,5,-660.64,0
938336889.0,0,18,-802.66,4,0,12,-197.14000000000001,0,0,12,-365.51,2,0,19,-680.0,2
939341870.0,0,60,8566.47,5,0,10,-538.9,0,2,2,-139.96,1,5,3,-38.18,1
942765449.0,0,22,19571.26,1,0,7,-602.65,4,0,6,-141.63,1,1,8,-372.18,0
943747107.0,0,39,19148.6,1,2,5,-379.53,4,4,2,-70.22,5,0,6,-180.06,0
944773378.0,0,20,-15224.78,0,0,9,-248.68,0,0,5,-52.7,1,0,8,-279.32,2
945093843.0,0,34,15590.69,1,1,7,-282.71,4,4,14,-1030.5,2,0,15,-1196.65,2
945182619.0,0,41,-9624.66,0,0,8,-335.42,4,2,4,-229.17000000000002,1,8,2,-123.25,1
946922971.0,1,10,-2974.29,4,1,7,-506.77,4,0,3,-404.52,1,0,8,-1258.78,2
948719966.0,0,43,25588.3,1,0,19,-536.25,0,0,15,-811.92,2,0,14,-633.38,2
949482734.0,0,29,23624.19,1,0,13,-360.79,0,0,14,-499.02,2,0,13,-454.33000000000004,2
949690868.0,0,20,-7499.46,0,0,9,-595.72,0,0,8,-275.84999999999997,1,0,10,-535.02,2
950018046.0,2,28,-1472.69,0,0,4,-213.81,4,0,11,-467.6,2,2,4,-163.38,0
950524474.0,0,19,-9324.28,0,1,8,5705.7699999999995,3,0,5,-205.63,1,0,4,2195.78,5
951790490.0,0,20,-5919.64,0,5,1,-40.17,1,7,3,-137.95,0,1,8,-586.27,2
952609703.0,0,28,-9834.82,0,0,9,-387.76,0,0,5,-140.5,1,0,7,-295.11,0
956575159.0,0,27,-6991.55,0,0,16,-642.24,0,1,11,-215.61,2,0,13,-377.43,2
956862005.0,0,38,-9542.78,0,0,13,-242.96,0,0,15,-621.11,2,0,10,-252.04999999999998,2
961753789.0,0,45,12165.0,5,2,12,-980.9,0,5,4,-265.17,5,1,2,-113.49,0
961900114.0,6,10,-924.4200000000001,3,11,2,-15.98,1,7,1,-247.48,0,5,3,-433.34999999999997,1
962017436.0,0,17,188.33,4,0,12,-474.96999999999997,0,3,9,-815.89,2,0,8,-151.77,0
963282046.0,0,33,32191.49,1,1,3,-162.69,4,5,11,-1520.81,3,4,1,-175.8,0
963476846.0,0,42,13144.039999999999,5,2,19,-1484.78,2,2,3,-113.51,1,1,36,-2495.24,3
963900824.0,0,32,19106.739999999998,1,0,16,-235.63,0,1,27,-1449.3899999999999,3,0,18,-510.78,2
964427699.0,0,36,8720.130000000001,5,3,1,-100.69,4,1,4,-524.0,1,3,3,-264.29,0
964958844.0,10,11,-331.28999999999996,2,0,3,-36.94,4,11,1,-3.2,0,10,2,-74.97999999999999,1
965486015.0,0,9,-261.66,4,0,8,-399.56,4,0,5,-203.76999999999998,1,0,7,-332.68,0
965981004.0,0,43,8323.56,5,4,4,-182.6,4,3,3,-215.41,5,1,10,-788.11,2
966135609.0,0,29,-16687.54,0,1,4,-181.99,4,10,1,-26.05,0,4,1,-61.74,0
970100089.0,0,26,18507.64,1,4,3,-200.89000000000001,4,7,2,-199.43,0,1,3,-125.41,0
971232081.0,0,26,-11226.75,0,0,14,-359.11,0,0,8,-84.78,1,0,11,-343.14,2
971294384.0,3,17,-206.43,3,0,2,-35.74,4,7,8,-734.1800000000001,5,9,3,-152.57,1
971700926.0,9,3,-126.04999999999998,2,4,3,-102.22,4,1,1,-14.54,1,0,2,-161.7,0
972787149.0,0,10,-339.72,4,1,4,-277.18,4,8,2,-107.24,0,4,2,-900.45,0
973035338.0,7,6,-269.95,2,5,1,-106.25,1,6,2,-91.12,5,1,6,-308.24,0
973188679.0,5,6,-270.2,3,3,7,-749.86,4,1,10,-695.23,2,2,4,-190.77,0
973543534.0,3,12,-966.28,3,1,4,-467.99,4,2,15,-1877.9,3,5,9,-965.6800000000001,2
974344564.0,0,34,27408.04,1,0,5,-30.4,4,1,5,-104.09,1,2,3,-39.77,0
975535052.0,0,41,14356.18,5,0,8,-258.88,4,0,13,-712.05,2,0,7,-294.82,0
977301185.0,0,33,-8737.62,0,0,13,-618.08,0,1,7,-119.99,1,1,6,-96.2,0
977612859.0,2,28,-698.59,0,9,12,-1188.01,1,2,8,-751.88,2,11,1,-99.98,1
978440007.0,0,33,-7126.37,0,2,3,-59.37,4,0,10,-1159.52,2,0,5,-218.64,0
979036240.0,0,29,9639.32,5,0,6,-298.53,4,9,1,-75.53,0,8,2,-96.68,1
980223699.0,0,21,-9474.19,0,2,6,-130.03,4,1,3,-236.44,1,0,7,-271.13,0
980751333.0,0,22,-6824.02,0,0,3,-250.10999999999999,4,3,5,-821.06,5,0,4,-194.73000000000002,0
981553839.0,0,15,-595.6899999999999,4,0,17,-600.89,0,0,15,-824.98,2,0,7,-214.70999999999998,0
981893277.0,0,18,-7855.22,0,2,6,-206.70000000000002,4,1,7,-432.06,1,0,10,-601.23,2
982417443.0,2,8,-85.44,3,11,2,-46.209999999999994,1,2,16,-2012.45,3,6,10,-1347.97,2
982579651.0,0,22,18789.579999999998,1,1,7,-339.94,4,0,3,-35.32,1,0,11,-1482.31,2
983573018.0,0,6,-443.65999999999997,4,2,20,-974.7,2,10,2,-143.68,0,1,6,-285.25,0
984418404.0,0,37,10650.21,5,0,16,-492.24,0,0,7,-301.79,1,0,14,-563.8100000000001,2
984652930.0,0,32,7171.339999999999,5,2,5,-178.07,4,1,8,-652.52,2,2,2,-93.14,0
984666034.0,10,6,-170.65,2,1,4,-352.09999999999997,4,0,5,-602.19,1,2,4,-2565.31,3
986910751.0,0,26,21362.76,1,2,14,-1631.1299999999999,2,3,3,-180.58,5,2,7,-483.88,0
988743819.0,0,35,-16729.98,0,0,8,-183.72,4,1,10,-809.84,2,0,12,-201.55,2
989649424.0,3,10,-296.0,3,8,1,-37.11,1,5,4,-195.94,5,1,3,-236.17,0
990438731.0,0,22,-6677.110000000001,0,2,5,-488.32,4,3,1,-136.32,5,0,1,-360.0,0
991462486.0,0,33,22412.899999999998,1,0,17,-696.11,0,0,13,-331.51,2,0,11,-496.15,2
991509944.0,0,20,-9275.97,0,0,10,-525.26,0,0,5,-132.0,1,5,4,2052.05,5
992381583.0,0,24,-11134.38,0,1,7,329.52,4,6,4,-492.65999999999997,5,2,5,-293.74,0
992557401.0,0,11,-201.26999999999998,4,7,2,-108.62,1,1,2,-164.09,1,10,4,-648.9,1
995678156.0,0,15,-6739.48,4,2,6,-247.57,4,2,18,-2537.5,3,9,3,-220.97,1
996805831.0,0,39,13334.14,5,1,7,-238.65,4,0,7,-94.53999999999999,1,0,8,-229.72,0
998523058.0,0,39,8324.63,5,2,6,-209.22,4,0,8,-436.46000000000004,2,1,9,-247.39999999999998,2
999118642.0,0,23,-6168.57,0,0,6,-178.8,4,3,8,-620.6899999999999,2,1,6,-239.89,0
